Product,"Score	",
Intel Core i9-14900KF,3108,
Intel Core i9-13900KS,3105,
Intel Core i9-14900K,3101,
Intel Core i9-14900F,3020,
Intel Core i7-14700KF,2975,
Intel Core i9-13900K,2974,
Intel Core i9-13900KF,2973,
Intel Core i9-14900,2946,
Intel Core i7-14700K,2939,
AMD Ryzen 9 7950X,2938,
AMD Ryzen 9 7900X,2923,
AMD Ryzen 9 7950X3D,2918,
AMD Ryzen 7 7700X,2908,
Intel Core i7-13700KF,2887,
AMD Ryzen 5 7600X,2863,
AMD Ryzen 7 7700,2854,
Intel Core i7-13700K,2840,
AMD Ryzen 9 7900,2824,
AMD Ryzen 9 7900X3D,2822,
AMD Ryzen 9 7945HX3D,2817,
Intel Core i5-14600K,2806,
Intel Core i9-14900HX,2802,
Intel Core i7-14700F,2775,
Intel Core i5-14600KF,2769,
Intel Core i5-13600KF,2747,
AMD Ryzen 5 7500F,2744,
AMD Ryzen 5 7600,2735,
AMD Ryzen 9 7945HX,2731,
Intel Core i9-13900F,2730,
AMD Ryzen 7 7800X3D,2719,
Intel Core i7-14700,2719,
Intel Core i9-13900,2714,
Intel Core i9-12900KS,2692,
AMD Ryzen 7 7745HX,2690,
AMD Ryzen 7 8700G,2686,
Intel Core i5-14600,2685,
AMD Ryzen 5 7645HX,2678,
Intel Core i5-13600K,2665,
Intel Core i7-13700F,2661,
AMD Ryzen 9 7845HX,2648,
Intel Core i7-13700,2632,
Intel Core i9-12900K,2620,
Intel Core i5-14600T,2602,
Intel Core i5-14500,2559,
Intel Core i9-12900KF,2542,
Intel Core i9-12900F,2539,
Intel Core i7-12700K,2531,
Intel Core i7-14650HX,2530,
Intel Core i7-12700KF,2526,
Intel Core i7-14700HX,2519,
AMD Ryzen 7 8840U,2504,
Intel Core i3-14100F,2492,
AMD Ryzen 7 8845HS,2486,
AMD Ryzen 5 8640U,2482,
AMD Ryzen 7 8840HS,2476,
Intel Core i9-12900,2473,
Intel Core i5-12600KF,2472,
AMD Ryzen 9 7940HS,2470,
Intel Core i3-14100,2456,
Intel Core i5-14400,2455,
Intel Core i5-12600K,2450,
Intel Core i7-13700T,2441,
Intel Core i5-13600,2437,
Intel Core i5-13500,2403,
Intel Core Ultra 9 185H,2401,
AMD Ryzen 7 7840HS,2388,
Intel Core i9-11900K,2371,
Intel Core i5-12600,2371,
AMD Ryzen 9 8945HS,2369,
Intel Core i7-12700F,2362,
Intel Xeon w7-2495X,2361,
Intel Core i5-13600T,2356,
Intel Core i9-12900T,2350,
Intel Core i5-14400F,2350,
AMD Ryzen Z1,2331,
AMD Ryzen 5 7540U,2321,
Intel Core i9-11900KF,2317,
AMD Ryzen 5 7640HS,2313,
Intel Core i5-12500,2311,
AMD Ryzen 5 PRO 7640HS,2306,
Intel Xeon E-2388G,2298,
Intel Core i7-12700,2293,
AMD Ryzen 9 PRO 7940HS,2293,
Intel Core i5-13400F,2290,
Intel Core i5-13400,2287,
Intel Core i3-13100F,2278,
Intel Core i5-13500T,2273,
Intel Core i7-12700T,2258,
Intel Core i7-11700KF,2257,
Intel Core i3-13100,2253,
AMD Ryzen 7 7840U,2252,
Intel Core i5-14500T,2239,
Intel Pentium II/III,2231,
Intel Core i3-12100F,2225,
AMD Ryzen 7 PRO 7840HS,2223,
Intel Core i3-12300,2222,
Intel Xeon w5-3435X,2222,
Intel Core i7-11700K,2219,
AMD EPYC 9174F,2217,
AMD Ryzen Z1 Extreme,2216,
Intel Core i3-12100E,2205,
Intel Core i5-13400T,2202,
Intel Core i7-12700E,2197,
Intel Core i5-11600KF,2196,
Intel Core i5-12400F,2191,
AMD Ryzen 9 5950X,2189,
Intel Core i5-12500E,2189,
Intel Core i5-11600K,2186,
Intel Xeon W-1350,2185,
Intel Xeon w5-2465X,2184,
Intel Core i5-12500T,2181,
Intel Core i5-12600T,2180,
AMD Ryzen 9 5900X,2179,
Intel Core i5-12400,2179,
AMD Ryzen 7 5800X,2178,
Intel Core i9-11900F,2171,
AMD Ryzen 5 PRO 7540U,2163,
AMD Ryzen 7 PRO 7840U,2158,
Intel Xeon W-11865MRE,2157,
Intel Xeon w5-2455X,2154,
Intel Core i3-12100,2149,
AMD Ryzen 5 7640U,2149,
AMD Ryzen 7 7840U,2131,
Intel Core i9-11900,2130,
Intel Core i5-11600,2122,
AMD Ryzen 7 5700X,2121,
AMD Ryzen Threadripper PRO 5955WX,2118,
AMD Ryzen 5 7540U,2114,
AMD Ryzen 9 PRO 5945,2113,
Intel Core i7-11700,2103,
Intel Core i7-11700F,2101,
AMD Ryzen 7 7840U,2099,
Intel Xeon w7-2475X,2095,
Intel Xeon E-2356G,2093,
Intel Xeon E-2324G,2093,
AMD Ryzen 5 5600X,2092,
AMD Ryzen 7 5800X3D,2091,
Intel Xeon w9-3495X,2091,
Intel Xeon E-2336,2084,
AMD Ryzen 5 5600X3D,2074,
Intel Core i7-11850HE,2073,
Intel Xeon w7-3445,2066,
AMD Ryzen Threadripper PRO 5965WX,2065,
Intel Core 7 150U,2064,
Intel Core i5-12400T,2054,
AMD Ryzen 9 5900,2052,
Intel Xeon W-11955M,2049,
AMD Ryzen 7 5800,2048,
AMD Ryzen 5 5600GT,2047,
Intel Xeon w7-3465X,2045,
Intel Core i9-11900T,2044,
Intel Xeon Platinum 8462Y+,2039,
AMD Ryzen Threadripper PRO 5975WX,2038,
AMD Ryzen 5 5600,2029,
AMD Ryzen Threadripper PRO 5945WX,2028,
Intel Pentium Gold G7400,2026,
Intel Core Ultra 5 134U,2026,
Intel Core i3-13100E,2018,
AMD Ryzen 7 5700,2017,
Intel Xeon w9-3475X,2007,
Intel Xeon W-11855M,2002,
Intel Core i5-11500,1996,
Intel Core i7-11390H,1996,
AMD Ryzen 7 5700G,1983,
AMD Ryzen 9 6900HX,1979,
AMD Ryzen Threadripper PRO 5995WX,1972,
Intel Core i3-12300T,1971,
AMD Ryzen 7 7735HS,1964,
Intel Core i5-11400F,1961,
AMD Ryzen 7 5700GE,1961,
AMD EPYC 9554,1957,
AMD Ryzen 7 PRO 5750G,1953,
Intel Core i3-12100T,1946,
Intel Core i7-11850H,1945,
Intel Core i5-11400,1940,
AMD Ryzen 7 PRO 5750GE,1940,
Intel Xeon E-2378,1937,
AMD Ryzen 7 5700X3D,1927,
Intel Core i9-12900TE,1923,
Intel Core i7-1265U,1920,
AMD Ryzen 9 5980HX,1919,
AMD Ryzen 5 5600G,1918,
Intel Core i7-11800H,1900,
AMD Ryzen 5 PRO 5650G,1897,
Intel Core i5-11500H,1895,
Intel Core i7-11600H,1888,
AMD Ryzen 9 PRO 6950HS,1882,
AMD Ryzen 7 6800H,1876,
AMD Ryzen 7 PRO 6850HS,1875,
AMD Ryzen 5 5500,1871,
AMD EPYC 9654,1870,
Intel Core i3-1215U,1862,
Intel Core i5-1235U,1854,
AMD Ryzen 9 6900HS,1853,
AMD Ryzen 9 5900HX,1842,
AMD EPYC 9124,1841,
Intel Core i7-1195G7,1840,
Intel Core i7-11375H,1839,
Intel Core i5-11320H,1839,
AMD Ryzen 5 PRO 5650GE,1838,
Intel Core i7-1260U,1827,
AMD EPYC 75F3,1826,
Intel Xeon w7-3455,1826,
Intel Core i3-13100TE,1824,
Intel Core i5-11400H,1818,
AMD Ryzen 7 6800HS,1816,
Intel Xeon w5-3425,1813,
Intel Xeon w3-2425,1812,
AMD Ryzen 7 7735U,1801,
AMD Ryzen 5 6600H,1799,
Intel Xeon W-3375,1789,
Intel Core i9-9900KS,1780,
AMD Ryzen 7 PRO 6850U,1780,
AMD Ryzen 9 PRO 6950H,1773,
AMD Ryzen 7 7736U,1768,
AMD Ryzen 3 PRO 5350G,1766,
Intel Core i9-10900KF,1763,
Intel Core i5-7640X,1761,
AMD Ryzen 7 3800XT,1758,
Intel Xeon w5-2445,1752,
Intel Core i9-10900K,1749,
AMD Ryzen 7 5800H,1749,
Intel Core i5-11260H,1749,
Intel Core i5-1155G7,1746,
Intel Core i7-1165G7,1745,
Intel Xeon W-1290,1742,
Intel Core i9-10850K,1740,
Intel Core i7-11370H,1739,
AMD Ryzen 7 6800U,1737,
Intel Core i7-1185G7,1731,
AMD Ryzen 3 PRO 5350GE,1730,
AMD Ryzen 9 3900XT,1729,
Intel Core i5-11500T,1729,
Intel Xeon W-1270P,1727,
Intel Xeon E-2334,1722,
Intel Core i7-12700TE,1719,
AMD Ryzen 3 5300G,1717,
AMD Ryzen 5 PRO 6650H,1717,
Intel Xeon w3-2435,1717,
Intel Xeon w3-2423,1715,
Intel Core i5-9600K,1712,
AMD Ryzen 5 7535HS,1708,
Intel Core i7-10700K,1706,
AMD Ryzen 5 7535U,1706,
AMD Ryzen 9 3950X,1704,
Intel Core i9-10900,1704,
AMD Ryzen 5 3600XT,1704,
AMD Ryzen 7 PRO 5850U,1703,
Intel Core i7-11700T,1703,
Intel Core i3-13100T,1703,
Intel Core i7-10700KF,1700,
Intel Core i5-1145G7,1699,
Intel Xeon W-1270,1696,
AMD Ryzen 7 3800X,1695,
AMD Ryzen 9 3900X,1693,
Intel Core i9-9900KF,1691,
Intel Core i5-11300H,1689,
Intel Xeon W-1290P,1689,
AMD EPYC 7443P,1689,
Intel Core i5-10600KF,1686,
AMD Ryzen 5 PRO 6650U,1685,
Intel Xeon E-2314,1684,
AMD Ryzen 3 PRO 7330U,1682,
Intel Core i9-10900F,1676,
AMD Ryzen Threadripper PRO 3955WX,1676,
Intel Core i9-10920X,1675,
Intel Core i7-8086K,1673,
AMD Ryzen 7 7730U,1671,
Intel Core i7-9700K,1670,
AMD Ryzen 3 3300X,1670,
Intel Core i9-9900K,1668,
Intel Core i5-13500E,1668,
AMD Ryzen Threadripper 3960X,1667,
AMD Ryzen 9 PRO 3900,1667,
Intel Core i7-9700KF,1666,
AMD Ryzen 5 PRO 5675U,1666,
AMD Ryzen 7 PRO 3700,1664,
AMD Ryzen 5 PRO 7530U,1663,
Intel Core i3-1115G4E,1662,
AMD Ryzen 7 5800U,1660,
Intel Core i7-1250U,1660,
AMD Ryzen Threadripper PRO 3945WX,1659,
AMD Ryzen 5 7530U,1659,
Intel Core i5-10600K,1658,
AMD Ryzen 9 3900,1655,
AMD Ryzen Threadripper PRO 3975WX,1655,
AMD Ryzen 7 3700X,1654,
AMD Ryzen 7 5825U,1654,
AMD Ryzen 7 PRO 6850H,1654,
Intel Core i5-1230U,1652,
Intel Core i9-10910,1645,
AMD Ryzen 5 3600X,1642,
Intel Core i9-12900E,1641,
AMD Ryzen 5 PRO 3600,1638,
AMD Ryzen Threadripper 3970X,1636,
Intel Core i7-7740X,1634,
AMD Ryzen 5 6600U,1633,
AMD Ryzen 7 PRO 6860Z,1630,
AMD Ryzen 7 PRO 4750G,1629,
AMD Ryzen 5 5560U,1626,
Intel Xeon E-2286G,1625,
AMD Ryzen 5 5600U,1619,
AMD EPYC 7713,1617,
Intel Core i7-10700F,1612,
Intel Core i9-9900,1611,
AMD Ryzen 7 PRO 7730U,1610,
AMD Ryzen 5 5600H,1607,
Intel Celeron G6900,1603,
Intel Core i5-1135G7,1602,
AMD Ryzen Threadripper PRO 3995WX,1598,
Intel Xeon E-2246G,1598,
AMD Ryzen 5 3600,1597,
Intel Xeon E-2236,1592,
Intel Core i5-11400T,1592,
AMD Ryzen 5 PRO 5650U,1588,
Intel Core i5-9600KF,1587,
Intel Core i7-8700K,1582,
Intel Core i7-10700,1581,
Intel Core i5-10600,1579,
AMD Ryzen 5 5625U,1579,
Intel Xeon E-2176G,1578,
Intel Core i9-10900X,1576,
AMD Ryzen 5 4600G,1574,
Intel Core i7-7700K,1571,
Intel Core i5-12500TE,1571,
Intel Core i9-10980XE,1570,
Intel Xeon W-2245,1568,
Intel Core i3-1115G4,1566,
AMD Ryzen 5 5500H,1566,
Intel Core i3-10300,1565,
AMD Ryzen 3 7330U,1563,
Intel Core i9-10940X,1562,
Intel Xeon E-2274G,1561,
Intel Celeron G6900E,1559,
AMD Ryzen Threadripper 3990X,1558,
AMD Ryzen 7 PRO 5875U,1558,
Intel Core i7-9700,1556,
Intel Xeon E-2174G,1556,
AMD Ryzen 5 3500X,1555,
AMD Ryzen 5 4500,1555,
AMD Ryzen 5 PRO 4650G,1552,
Intel Xeon E-2136,1552,
Intel Xeon W-10885M,1551,
Intel Core i7-1068NG7,1550,
Intel Core i7-9700F,1549,
Intel Xeon W-2255,1548,
Intel Core i5-8600K,1546,
AMD Ryzen 9 4900H,1546,
Intel Core i7-9700E,1546,
Intel Xeon E-2286M,1545,
Intel Xeon E-2224G,1544,
Intel Xeon W-2235,1543,
Intel Xeon W-2265,1543,
Intel Xeon E-2134,1543,
AMD Ryzen 7 PRO 4750GE,1540,
AMD Ryzen 3 PRO 5475U,1540,
Intel Core i3-10320,1539,
AMD EPYC 7413,1538,
Intel Core i5-10505,1535,
Intel Core i5-11600T,1535,
Intel Core i7-8700B,1533,
Intel Core i9-10885H,1533,
Intel Core i7-10875H,1520,
Intel Core i5-10500,1519,
Intel Xeon E3-1275 v6,1518,
AMD Ryzen 3 5400U,1516,
Intel Core i7-8700,1513,
AMD Ryzen 3 PRO 5450U,1509,
Intel Xeon W-2295,1508,
Intel Core i5-7600K,1507,
AMD Ryzen 3 5425U,1506,
AMD Ryzen 5 PRO 4650GE,1505,
Intel Core i9-13900E,1505,
Intel Xeon E-2226G,1504,
Intel Xeon W-2275,1501,
AMD Ryzen 5 3500,1499,
Intel Xeon E-2144G,1499,
Intel Core i3-9350KF,1497,
AMD EPYC 7773X,1496,
Intel Core i9-7980XE,1495,
Intel Xeon E-2146G,1492,
Intel Xeon Silver 4410Y,1491,
Intel Core i9-9900X,1488,
Intel Core i3-10105,1487,
Intel Xeon E-2186G,1485,
AMD Ryzen 3 4100,1484,
AMD Ryzen 3 PRO 4350GE,1483,
Intel Core i7-6700K,1480,
Intel Xeon Gold 6244,1480,
AMD Ryzen 3 3100,1479,
Intel Xeon W-1250,1476,
Intel Core i3-8350K,1474,
Intel Xeon W-10855M,1474,
Intel Xeon W-3175X,1473,
Intel Core i7-10850H,1473,
Intel Core i5-9500F,1472,
Intel Xeon E-2224,1469,
Intel Xeon W-11865MLE,1469,
Intel Core i5-9500,1468,
Intel Core i5-1038NG7,1464,
Intel Core i5-9600,1462,
AMD Ryzen 7 4800H,1461,
Intel Core i9-9940X,1459,
Intel Core i9-10900T,1459,
Intel Xeon E-2276M,1457,
Intel Core i5-8600,1456,
Intel Xeon E3-1270 v6,1454,
Intel Core i3-10105F,1454,
Intel Core i3-7350K,1452,
AMD Ryzen 3 PRO 4350G,1452,
AMD Ryzen 9 4900HS,1450,
Intel Core i7-10750H,1446,
Intel Core i5-10400F,1438,
Intel Core i3-10100F,1437,
AMD Ryzen 7 4800HS,1436,
Intel Core i5-10500H,1436,
Intel Core i7-10700T,1435,
Intel Xeon W-2225,1435,
Intel Core i3-1125G4,1434,
Intel Core i7-10870H,1433,
Intel Core i9-9900T,1433,
Intel Xeon E-2124G,1432,
Intel Xeon E-2124,1432,
Intel Core i9-9980HK,1431,
Intel Core i5-10400,1430,
Intel Core i3-10100,1426,
Intel Core i9-7900X,1422,
Intel Core i9-9980XE,1420,
Intel Core i5-6600K,1419,
Intel Xeon W-3245M,1417,
Intel Xeon W-3235,1415,
Intel Core i7-5775C,1413,
Intel Core i9-9920X,1413,
AMD Ryzen 7 5700U,1412,
Intel Core i7-7820X,1411,
Intel Xeon W-2145,1410,
Intel Core i7-8569U,1405,
Intel Core i7-8809G,1405,
Intel Xeon W-2135,1398,
Intel Xeon E3-1286 v3,1391,
Intel Core i7-7700,1389,
AMD EPYC 9354P,1388,
Intel Core i7-4790K,1387,
Intel Core i5-8500,1387,
Intel Xeon W-3245,1387,
Intel Xeon E-2176M,1385,
Intel Core i5-9400,1384,
Intel Core i7-9850H,1383,
AMD Ryzen 7 4800U,1381,
Intel Core i3-9100,1379,
Intel Core i7-9700T,1379,
AMD EPYC 7763,1379,
Intel Core i5-9400F,1378,
Intel Core i9-9960X,1378,
Intel Core i9-7960X,1376,
Intel Core i5-10600T,1375,
Intel Core i3-9100F,1374,
Intel Core i5-7600,1373,
Intel Core i5-9400H,1373,
Intel Core i5-8500B,1371,
Intel Xeon E-2186M,1371,
Intel Core i9-7940X,1370,
Intel Core i5-10300H,1369,
Intel Core i7-9800X,1368,
Intel Core i5-10400H,1368,
Intel Xeon W-3223,1367,
Intel Core i9-7920X,1364,
Intel Core i9-9880H,1364,
Intel Core i3-7320,1363,
Intel Core i9-8950HK,1362,
Intel Xeon E3-1245 v6,1362,
Intel Xeon E3-1260L v5,1362,
Intel Xeon E3-1575M v5,1361,
AMD EPYC 7313P,1360,
AMD Ryzen 7 4700U,1359,
AMD Ryzen 5 4600H,1357,
Intel Core i7-9750HF,1357,
Intel Core i5-8400,1353,
AMD Ryzen 7 PRO 4750U,1352,
Intel Core i7-9750H,1351,
Intel Core i7-7800X,1350,
Intel Xeon E3-1275 v5,1346,
Intel Xeon W-2155,1342,
Intel Core i5-5675C,1340,
Intel Pentium Gold 7505,1339,
Intel Core i7-8559U,1337,
AMD Ryzen 5 4600U,1334,
Intel Xeon E3-1240 v6,1327,
Intel Core i5-13400E,1325,
Intel Xeon W-2125,1322,
Intel Core i7-8700T,1322,
Intel Xeon Platinum 8180,1320,
Intel Core i5-9300HF,1319,
Intel Core i7-8850H,1317,
AMD EPYC 7402,1317,
Intel Core i5-10200H,1317,
Intel Xeon E3-1270 v5,1314,
AMD Ryzen 3 PRO 4450U,1314,
Intel Xeon Gold 5218R,1313,
Intel Xeon W-2140B,1310,
Intel Xeon E3-1240 v5,1310,
Intel Xeon E3-1280 v5,1307,
Intel Xeon E3-1245 v5,1306,
Intel Core i5-9600T,1306,
Intel Core i7-1060NG7,1303,
Intel Core i3-8300,1301,
Intel Xeon W-2150B,1300,
AMD Ryzen 5 PRO 4650U,1300,
Intel Core i3-6320,1298,
Intel Core i7-8750H,1297,
Intel Xeon E5-1660 v3,1296,
Intel Core i7-6950X,1295,
Intel Core i7-6700,1293,
Intel Core i7-7567U,1293,
Intel Xeon E3-1281 v3,1293,
Intel Xeon E3-1230 v6,1292,
AMD Ryzen 5 5500U,1292,
Intel Xeon E3-1285L v4,1289,
Intel Core i5-4690K,1287,
Intel Core i5-6600,1286,
Intel Core i7-7820HK,1285,
Intel Xeon Gold 6136,1285,
Intel Core i5-1030NG7,1284,
Intel Core i5-8400H,1282,
Intel Core i3-1005G1,1282,
AMD Ryzen 5 4600HS,1282,
Intel Xeon W-2195,1279,
Intel Xeon E3-1230 v5,1277,
Intel Core i7-5960X,1274,
AMD Ryzen Threadripper 2920X,1274,
Intel Core i5-9300H,1274,
Intel Core i3-10100T,1274,
Intel Core i5-10500T,1273,
Intel Core i3-1000NG4,1271,
Intel Core i7-7920HQ,1271,
Intel Core i5-7500,1270,
Intel Core i3-10105T,1270,
Intel Core i5-8300H,1269,
Intel Xeon Gold 6226R,1269,
Intel Core i7-6850K,1268,
Intel Core i7-8705G,1268,
Intel Core i7-4770K,1265,
AMD EPYC 7642,1264,
Intel Xeon Gold 6230R,1264,
AMD Ryzen Threadripper 2950X,1263,
Intel Xeon E3-1225 v6,1262,
Intel Core i3-6300,1262,
Intel Xeon E3-1505M v6,1261,
Intel Xeon Processor E5-1680 v3,1261,
Intel Core i3-7300,1260,
Intel Xeon Gold 5317,1260,
Intel Core i5-8600T,1259,
Intel Core i5-4670K,1255,
Intel Pentium 6805,1253,
Intel Core i7-6900K,1252,
AMD Ryzen 3 4300U,1252,
Intel Xeon W-2223,1252,
AMD EPYC 7282,1248,
Intel Core i3-7100,1247,
Intel Xeon E3-1545M v5,1247,
Intel Core i3-8100,1245,
AMD Ryzen 7 2700X,1245,
Intel Xeon Silver 4314,1239,
Intel Core i5-9500T,1238,
AMD Ryzen 5 2600X,1237,
AMD Ryzen Threadripper 2970WX,1235,
Intel Core i5-8259U,1229,
Intel Core i7-4940MX,1229,
Intel Xeon W-2175,1229,
Intel Xeon Silver 4214R,1228,
Intel Xeon E5-1680 v4,1228,
AMD Ryzen 3 5300U,1227,
Intel Core i5-8257U,1226,
Intel Xeon W-2133,1225,
Intel Core i7-6800K,1224,
Intel Xeon E3-1535M v5,1223,
Intel Core i7-7700T,1222,
Intel Core i7-4790,1221,
Intel Core i3-8100B,1220,
Intel Core i3-4370,1220,
Intel Core i5-7600T,1220,
Intel Xeon E3-1276 v3,1220,
Intel Xeon Gold 6146,1220,
Intel Xeon E3-1225 v5,1217,
Intel Core i5-8279U,1211,
Intel Core i5-5675R,1211,
Intel Xeon W-2191B,1210,
Intel Xeon E3-1535M v6,1207,
AMD Ryzen 3 2300X,1205,
Intel Xeon Gold 6134,1205,
AMD EPYC 7742,1204,
Intel Xeon W-3275M,1203,
Intel Core i3-9100T,1203,
Intel Core i5-7440HQ,1203,
Intel Xeon E3-1220 v5,1202,
Intel Xeon Gold 6154,1201,
AMD Ryzen 5 7520U,1201,
Intel Xeon E3-1270 v3,1200,
Intel Xeon W-2123,1197,
Intel Core i3-6100,1194,
Intel Xeon E5-2643 v4,1194,
Intel Core i7-4771,1193,
Intel Xeon E3-1280 v3,1193,
Intel Core i7-4790S,1192,
Intel Xeon E3-1275L v3,1192,
Intel Core i5-4690,1191,
Intel Xeon E3-1275 v3,1190,
Intel Core i7-4770,1188,
Intel Xeon E3-1241 v3,1188,
Intel Xeon Gold 6150,1188,
Intel Xeon E3-1245 v3,1186,
Intel Xeon E3-1271 v3,1186,
Intel Core i7-7820HQ,1185,
Intel Core i7-6700T,1183,
Intel Core i7-4980HQ,1181,
Intel Core i5-6600T,1181,
Intel Core i5-8500T,1181,
Intel Xeon E5-1650 v4,1180,
AMD Ryzen Threadripper 2990WX,1180,
Intel Xeon E3-1231 v3,1177,
Intel Core i5-6500,1177,
Intel Core i3-10110U,1177,
Intel Core i5-7400,1176,
Intel Xeon Silver 4310,1176,
Intel Xeon E5-2699A v4,1175,
AMD Ryzen Threadripper 1920X,1174,
Intel Xeon E3-1220 v6,1174,
Intel Xeon E5-1660 v4,1173,
AMD EPYC 7702,1173,
Intel Core i5-4670,1172,
Intel Xeon E5-1630 v4,1172,
Intel Xeon Gold 5218,1172,
Intel Xeon E5-1650 v3,1171,
AMD Ryzen Threadripper 1950X,1171,
Intel Core i7-7660U,1170,
Intel Core i3-4360,1170,
AMD EPYC 7402P,1170,
Intel Xeon E3-1505M v5,1168,
AMD Ryzen Threadripper 1900X,1168,
AMD Ryzen 5 PRO 2600,1168,
AMD Ryzen 3 7320U,1165,
Intel Core i3-8109U,1161,
AMD EPYC 7302,1161,
AMD Athlon Gold 7220U,1161,
Intel Core i7-5820K,1160,
Intel Core i7-6770HQ,1158,
Intel Core i7-5930K,1156,
Intel Xeon E3-1246 v3,1156,
Intel Core i7-4770R,1155,
Intel Core i3-8300T,1155,
Intel Xeon E3-1240 v3,1154,
Intel Xeon E5-2667 v4,1153,
AMD Ryzen 5 2600,1152,
Intel Core i5-9400T,1152,
Intel Core i5-4670S,1151,
Intel Core i7-6820HK,1150,
Intel Core i7-4790T,1150,
Intel Core i7-4770S,1149,
Intel Core i7-7700HQ,1148,
Intel Core i7-5775R,1148,
Intel Core i5-10400T,1146,
Intel Xeon E3-1226 v3,1145,
Intel Core i7-4960HQ,1137,
AMD EPYC 7313,1137,
Intel Xeon E3-1230 v3,1135,
Intel Xeon E3-1265L v3,1135,
Intel Core i7-6920HQ,1134,
Intel Core i3-8121U,1133,
Intel Core i5-8305G,1132,
AMD Ryzen 7 1800X,1131,
AMD EPYC 7532,1130,
AMD Ryzen 5 3400G,1128,
Intel Xeon E5-2637 v3,1127,
Intel Core i7-4770T,1127,
Intel Xeon Silver 4215R,1127,
Intel Core i5-4590,1126,
Intel Xeon E5-2696 v3,1124,
AMD Ryzen 5 1600X,1123,
Intel Xeon E5-2689 v4,1123,
Intel Xeon E5-1630 v3,1122,
Intel Core i5-4690S,1122,
Intel Core i5-7360U,1122,
AMD EPYC 7302P,1122,
Intel Xeon Gold 6128,1119,
Intel Core i7-6567U,1119,
Intel Xeon Gold 6132,1119,
Intel Core i5-6500TE,1118,
AMD EPYC 7502P,1118,
Intel Core i3-7100T,1116,
AMD Ryzen 7 2700,1114,
Intel Core i5-6402P,1114,
Intel Xeon Gold 6140,1114,
Intel Core i5-10210U,1114,
Intel Core i5-6400,1111,
Intel Core i5-7500T,1110,
Intel Xeon E3-1220 v3,1109,
Intel Core i3-7300T,1108,
Intel Core i3-6098P,1107,
Intel Core i7-4870HQ,1105,
AMD Ryzen 5 1500X,1104,
AMD Ryzen 7 PRO 2700,1104,
Intel Xeon E3-1225 v3,1103,
Intel Core i7-10510U,1103,
AMD Ryzen 5 2500X,1103,
AMD Ryzen 3 PRO 3200GE,1102,
Intel Core i3-4170,1101,
AMD Ryzen 5 PRO 3400GE,1100,
Intel Core i7-6820HQ,1099,
Intel Core i5-8400T,1099,
AMD Ryzen 3 1300X,1097,
Intel Core i7-5700HQ,1097,
Intel Xeon Silver 4210R,1097,
Intel Xeon E5-2687W v4,1096,
Intel Core i5-7300HQ,1094,
Intel Core i3-6300T,1094,
Intel Core i5-4570,1093,
Intel Core i7-7560U,1091,
Intel Core i5-7260U,1089,
AMD Ryzen 7 PRO 1700X,1089,
Intel Xeon Gold 6138,1089,
Intel Core i7-6700HQ,1088,
AMD Ryzen 7 1700X,1088,
Intel Xeon E5-1620 v4,1088,
Intel Core i5-9500E,1086,
Intel Core i5-4590S,1084,
Intel Core i7-4810MQ,1079,
Intel Xeon E5-1620 v3,1078,
Intel Xeon E5-2697 v3,1076,
Intel Core i7-4910MQ,1076,
Intel Core i3-8100T,1073,
AMD Ryzen 5 1600,1068,
Intel Xeon Gold 6148,1067,
Intel Core i3-4330,1066,
AMD Ryzen 3 PRO 1300,1066,
Intel Core i3-4160,1064,
Intel Core i5-6440HQ,1062,
Intel Xeon E5-2698 v4,1062,
Intel Xeon E5-2690 v4,1059,
Intel Xeon Platinum 8168,1059,
AMD Ryzen 5 2400G,1057,
Intel Core i7-10700TE,1057,
Intel Xeon E5-2697A v4,1056,
Intel Xeon E5-2690 v3,1055,
AMD Ryzen 3 3200G,1052,
Intel Core i5-4460,1051,
Intel Core i7-4900MQ,1047,
Intel Core i5-4570S,1046,
Intel Xeon E5-2696 v4,1046,
Intel Core i7-4610M,1043,
Intel Core i3-6100T,1042,
Intel Core i7-4930MX,1042,
Intel Core i3-4150,1041,
Intel Xeon E5-2697 v4,1040,
Intel Xeon E5-2640 v3,1040,
Intel Core i5-6500T,1039,
Intel Xeon E5-2640 v4,1037,
Intel Core i5-5575R,1035,
Intel Core i5-4440,1033,
Intel Core i7-6660U,1032,
Intel Core i7-4800MQ,1031,
Intel Xeon E5-1607 v4,1031,
Intel Core i5-5287U,1030,
Intel Xeon E5-2687W v3,1030,
Intel Core i7-4558U,1030,
Intel Core i5-4570T,1029,
Intel Core i7-4850HQ,1027,
Intel Core i7-4600M,1026,
Intel Core i7-5557U,1025,
Intel Xeon Silver 4215,1025,
Intel Xeon E5-2698 v3,1024,
Intel Xeon E5-1607 v3,1023,
Intel Core i7-4710MQ,1019,
Intel Core i7-4770HQ,1018,
Intel Core i5-6267U,1017,
Intel Core i5-7400T,1017,
Intel Xeon E5-2699 v4,1016,
AMD Ryzen 7 PRO 1700,1015,
Intel Xeon E5-2680 v4,1011,
Intel Core i5-4430,1010,
AMD EPYC 7452,1009,
Intel Core i5-4308U,1006,
Intel Core i4-4690T,1006,
AMD Ryzen 7 1700,1005,
Intel Core i5-4310M,1005,
Intel Xeon Silver 4216,1005,
Intel Core i7-4720HQ,1004,
Intel Core i5-4460S,1003,
Intel Core i7-6650U,1000,
Intel Xeon E3-1268L v3,999,
AMD Ryzen 3 2200G,997,
Intel Xeon W-3265M,997,
Intel Core i7-4700MQ,996,
AMD Athlon Silver 7120U,996,
Intel Core i3-4130,995,
Intel Xeon Silver 4210,995,
Intel Xeon E5-2678 v3,994,
Intel Core i7-4710HQ,993,
Intel Core i3-8130U,992,
Intel Core i5-4670T,989,
Intel Core i5-6300HQ,985,
AMD Ryzen 7 3750H,985,
Intel Core i7-5650U,984,
AMD Ryzen 3 1200,984,
Intel Core i5-7267U,984,
Intel Core i7-4750HQ,984,
Intel Xeon E5-1603 v4,983,
Intel Core i7-4700HQ,980,
Intel Xeon E5-2680 v3,980,
Intel Core i3-4170T,976,
Intel Core i5-4210H,975,
Intel Xeon E5-2660 v4,975,
Intel Xeon E5-2673 v4,974,
Intel Core i5-4430S,973,
Intel Xeon E5-2660 v3,972,
Intel Core i7-4702HQ,969,
Intel Xeon Silver 4208,967,
Intel Xeon E5-2695 v4,963,
AMD Athlon 3000G,957,
Intel Core i5-4200H,952,
Intel Core i7-4785T,951,
Intel Core i7-4702MQ,949,
AMD Ryzen 5 1400,949,
Intel Core i5-6260U,948,
Intel Xeon Silver 4214,944,
AMD Ryzen 5 3550H,942,
AMD EPYC 7551,942,
Intel Core i5-4300M,941,
Intel Xeon E5-2630 v3,941,
Intel Core i5-8210Y,941,
Intel Core i5-6360U,938,
Intel Core i7-6560U,937,
Intel Core i3-4160T,936,
AMD Ryzen 5 PRO 3500U,934,
Intel Core i5-4340M,933,
Intel Xeon Gold 6230,933,
Intel Core i7-4712MQ,929,
Intel Xeon E5-2670 v3,928,
Intel Xeon E5-2630 v4,928,
Intel Xeon E5-2620 v3,926,
Intel Core i5-6400T,922,
Intel Xeon E5-2667 v3,922,
Intel Core i5-4590T,916,
Intel Core i7-4765T,912,
Intel Core i7-5600U,911,
Intel Core i3-4130T,909,
Intel Core i5-4278U,904,
AMD Ryzen 5 3580U Microsoft Surface Edition,902,
AMD Athlon PRO 300GE,901,
Intel Core i5-5350U,900,
Intel Xeon,900,
Intel Core i5-4570R,895,
AMD EPYC 7551P,895,
AMD Ryzen 5 PRO 2500U,894,
Intel Xeon E5-2683 v4,894,
Intel Core i5-5257U,893,
AMD Athlon 200GE,889,
Intel Xeon E5-2650 v3,886,
AMD Ryzen 7 3700U,885,
Intel Core i5-4210M,882,
Intel Xeon E5-2683 v3,874,
Intel Core i7-5500U,874,
Intel Xeon E5-2620 v4,870,
Intel Xeon E5-2630L v3,868,
Intel Core i7-4510U,867,
Intel Core i5-4288U,866,
AMD Ryzen 7 PRO 3700U,866,
Intel Xeon Silver 4108,864,
Intel Core i3-4350,864,
AMD Ryzen 5 3500U,860,
Intel Core i7-4600U,857,
Intel Core i7-4712HQ,856,
Intel Core i3-4150T,856,
Intel Core i5-4200M,855,
Intel Core i3-7130U,852,
Intel Pentium Gold G6405,848,
Intel Core i5-4258U,847,
Intel Xeon Silver 4114,846,
Intel Core i7-4578U,838,
AMD Ryzen 7 3780U Microsoft Surface Edition,835,
Intel Xeon D-1541,821,
Intel Core i7-4650U,818,
Intel Core i5-5300U,816,
AMD Ryzen 5 2500U,814,
Intel Core i5-5250U,811,
AMD Ryzen 7 2700U,810,
Intel Pentium Gold G6400,805,
Intel Core i5-4460T,802,
AMD Ryzen 7 PRO 2700U,801,
Intel Xeon E5-2623 v4,795,
AMD Athlon Gold 3150U,792,
Intel Core i5-4300U,790,
Intel Core i3-6157U,787,
Intel Core i3-4100M,781,
Intel Core i5-5200U,780,
Intel Core i5-4310U,779,
AMD Ryzen 3 3200U,775,
Intel Core i3-7100U,773,
AMD Athlon Silver 3050U,773,
Intel Core i5-4250U,772,
Intel Core i7-4500U,770,
AMD Ryzen 3 2200U,769,
Intel Celeron G5925,769,
Intel Pentium Gold G5420,765,
AMD Ryzen 3 2300U,757,
Intel Pentium G4620,757,
Intel Xeon Silver 4116,756,
Intel Xeon Silver 4110,754,
Intel Core i5-4260U,752,
Intel Core i3-6100U,750,
Intel Celeron 6305,750,
Intel Core i5-4210U,749,
AMD Ryzen 3 3250U,748,
Intel Core i7-7820EQ,746,
Intel Pentium G4600,739,
Intel Core i3-7020U,732,
Intel Xeon E3-1505L v6,732,
Intel Pentium Gold G5400,731,
Intel Core M-5Y51,725,
Intel Celeron G5905,725,
Intel Core i5-4200U,721,
Intel Core i3-5020U,717,
Intel Xeon E5-2650L v4,714,
Intel Xeon E5-2673 v3,712,
Intel Core i3-4000M,709,
Intel Core i7-3770K,707,
Intel Pentium G4560,707,
Intel Pentium Gold G6400T,706,
Intel Pentium G4500,703,
Intel Core i3-5015U,700,
Intel Xeon E3-1290 v2,699,
AMD A12-9800,696,
Intel Xeon E3-1280 V2,696,
Intel Pentium G4400,694,
Intel Core i7-3960X,690,
Intel Pentium Gold G5420T,690,
Intel Core i5-3570K,686,
Intel Xeon E3-1270 V2,686,
AMD Athlon Silver 3050e,686,
Intel Xeon Bronze 3204,684,
Intel Core i7-4960X,682,
Intel Core i5-2550K,680,
Intel Core i7-3770,671,
Intel Xeon E5-1650 v2,671,
Intel Xeon E5-2686 v4,670,
Intel Core i7-3770S,669,
Intel Core i7-2600K,668,
Intel Celeron 4305UE,668,
Intel Xeon E3-1245 V2,667,
Intel Core i7-2700K,664,
Intel Xeon E3-1240 v2,664,
Intel Core i7-4930K,662,
AMD A6-9500,661,
Intel Celeron G5905T,660,
Intel Core i7-4820K,658,
AMD Athlon X4 950,658,
Intel Xeon E3-1280,658,
Intel Xeon E5-1660 v2,657,
AMD 3020e,657,
Intel Core i5-3570,656,
AMD Athlon X4 845,654,
Intel Xeon E5-1680 v2,651,
AMD A12-9800E,651,
Intel Core i7-3940XM,649,
Intel Core i7-3970X,648,
Intel Core i3-5010U,647,
Intel Core i5-2500K,646,
Intel Celeron G4930,646,
Intel Pentium Gold G5400T,645,
Intel Xeon E5-1620 v2,644,
Intel Core i3-6006U,644,
AMD A10-9700,644,
Intel Xeon E5-2667 v2,640,
Intel Core i5-3550,639,
Intel Xeon E3-1275 v2,638,
Intel Core i5-3570S,636,
Intel Core i7-3820QM,629,
Intel Xeon E5-2643 v2,628,
Intel Xeon E5-2687W v2,624,
Intel Core i3-5005U,623,
Intel Core i5-3470,622,
Intel Xeon E3-1230V2,621,
Intel Xeon E3-1225 V2,621,
Intel Core i7-3840QM,620,
Intel Core i7-3820,617,
Intel Celeron G4900,616,
Intel Xeon E3-1270,614,
Intel Pentium G3258,613,
Intel Pentium G3460,613,
Intel Core i7-2600,612,
Intel Xeon E5-2673 v2,612,
AMD PRO A6-9500,610,
AMD FX-9830P,609,
Intel Celeron G3930,608,
Intel Core i5-L16G7,608,
AMD A8-9600,608,
Intel Core i7-3930K,606,
Intel Core i7-3770T,605,
Intel Core i5-3470S,604,
Intel Core i5-3450,603,
Intel Pentium G4400T,603,
Intel Core i5-3550S,603,
Intel Xeon E5-1660,601,
Intel Core i3-4025U,601,
Intel Core i7-3720QM,600,
Intel Xeon E5-1620,600,
Intel Core M-5Y10c,600,
Intel Core i5-3475S,600,
Intel Xeon E3-1220 v2,597,
Intel Xeon E5-1650,593,
Intel Core i7-3740QM,590,
Intel Xeon E3-1245,590,
Intel Core i5-2500,589,
Intel Xeon E3-1230,588,
Intel Pentium G4560T,587,
Intel Core i5-2500S,586,
Intel Xeon E5-2687W,585,
Intel Pentium G3450,585,
Intel Pentium G3420,584,
Intel Core i5-3450S,584,
Intel Core i5-3350P,583,
Intel Xeon E5-2690 v2,583,
Intel Core i7-2600S,583,
Intel Celeron G3900,581,
Intel Pentium G3260,581,
Intel Xeon E5-2643,580,
Intel Xeon E5-2690,576,
Intel Pentium G3250,576,
Intel Core i5-3340S,574,
Intel Core i5-4202Y,571,
Intel Xeon E3-1240,569,
Intel Xeon E5-2609 v3,569,
Intel Core i7-3520M,568,
Intel Core i3-4030U,568,
Intel Xeon E3-1225,568,
Intel Core i7-990X,565,
Intel Core i5-3470T,565,
Intel Xeon W3690,563,
AMD PRO A10-8770E,563,
Intel Xeon E3-1265L v2,562,
Intel Core i7-2860QM,560,
Intel Xeon E5-2680 v2,559,
AMD A12-9730P,559,
Intel Xeon Bronze 3106,558,
Intel Core i7-3630QM,556,
Intel Xeon W3680,555,
Intel Core i5-3330,555,
Intel Core i7-3540M,555,
Intel Core i5-2400,554,
Intel Core i7-980X,554,
Intel Core i3-3240,554,
Intel Core i5-4300Y,554,
Intel Xeon E5-2697 v2,553,
Intel Core i5-3340,553,
Intel Core i7-3615QM,549,
Intel Celeron G3930T,548,
Intel Xeon X5690,546,
Intel Pentium Silver N6005,546,
Intel Celeron G3900T,545,
Intel Core i7-3635QM,545,
Intel Core i5-3330S,544,
AMD FX-9590,544,
AMD PRO A12-9800B,543,
Intel Xeon E5-2680,542,
Intel Core i7-2960XM,542,
Intel Core i7-2760QM,540,
Intel Core i7-975,540,
Intel Core i3-3225,540,
Intel Pentium G2130,539,
Intel Core i5-4210Y,538,
Intel Core i5-3380M,537,
Intel Core i5-2320,536,
Intel Core i5-2405S,535,
Intel Celeron G1850,533,
Intel Core i3-3250,532,
Intel Xeon X5680,530,
AMD FX-8800P,529,
Intel Pentium G3240,527,
Intel Pentium G2120,526,
Intel Core i3-3220,525,
Intel Pentium G3220,525,
Intel Pentium G3250T,525,
Intel Xeon E5-2696 v2,524,
Intel Core i5-3340M,523,
Intel Core i7-3610QE,522,
AMD PRO A12-8800B,521,
Intel Core i7-3610QM,520,
Intel Core i3-4010U,520,
Intel Xeon E5-2667,520,
Intel Core i7-880,520,
AMD A12-9720P,519,
AMD 3015e,519,
Intel Xeon E5-2650 v2,518,
Intel Xeon E5-1607 v2,518,
Intel Core i7-2640M,518,
Intel Core i7-2820QM,516,
Intel Xeon W3670,516,
Intel Core i5-3360M,515,
Intel Core i5-2310,514,
Intel Core i5-3320M,514,
Intel Core i3-2130,513,
AMD FX-9370,512,
Intel Core i5-2300,510,
Intel Xeon E5-2670,510,
Intel Core i5-3230M,510,
Intel Xeon E5-1607,510,
Intel Core i3-3210,509,
Intel Core i3-4005U,509,
Intel Xeon X5677,509,
Intel Core i7-875K,509,
Intel Core i7-2620M,507,
Intel Core i7-3612QM,506,
Intel Xeon E3-1220,505,
Intel Celeron G1840,505,
Intel Atom x6413E,504,
Intel Core i7-3687U,502,
Intel Core i3-2120,501,
Intel Core i7-3632QM,501,
AMD FX-8370,501,
AMD A10-9620P,499,
Intel Xeon X5675,499,
Intel Core i7-970,497,
Intel Xeon E5-2670 v2,497,
Intel Core i5-2400S,496,
AMD FX-9800P,494,
Intel Core i5-2540M,494,
Intel Core i5-3210M,493,
Intel Xeon W3570,493,
Intel Core i7-960,491,
Intel Celeron G1820,491,
AMD A10-8700P,490,
AMD FX-8350,488,
AMD A10-7870K,488,
Intel Xeon W3565,488,
Intel Xeon X5570,488,
Intel Core i5-661,488,
AMD FX-6350,488,
Intel Xeon E5-2665,488,
Intel Core i3-2105,487,
Intel Xeon E5-2630 v2,487,
Intel Xeon E3-1220L v2,487,
Intel Pentium J6426,486,
Intel Core i7-965,485,
Intel Core i7-870,482,
Intel Xeon X5670,482,
Intel Core i5-660,482,
Intel Xeon W3550,481,
Intel Core i5-2435M,481,
Intel Pentium Silver N6000,481,
AMD A10-6800K,480,
Intel Celeron J6413,480,
Intel Pentium G3220T,479,
Intel Atom x6425E,478,
Intel Core i7-2720QM,476,
Intel Pentium G2020,476,
AMD PRO A10-8700B,476,
Intel Core i7-3537U,475,
AMD PRO A10-8730B,475,
Intel Xeon E3-1260L,473,
Intel Celeron N4505,472,
Intel Pentium N6415,471,
Intel Pentium G2030,470,
AMD FX-4350,469,
AMD A10-7860K,469,
Intel Celeron N5105,469,
Intel Core i3-2100,466,
Intel Core i5-2520M,466,
Intel Pentium G645,465,
Intel Core i7-3667U,465,
Intel Core i7-950,463,
AMD FX-6300,463,
Intel Core i3-2125,463,
Intel Core i7-2670QM,462,
Intel Xeon E5-1603,461,
AMD Athlon X4 860K,461,
Intel Xeon X5660,461,
Intel Core i3-4020Y,460,
AMD FX-8320,459,
Intel Xeon E5-2470 v2,458,
Intel Core i3-3220T,458,
Intel Core i5-760,457,
Intel Core i7-3517U,457,
AMD Athlon X4 870K,457,
Intel Core i5-2450M,456,
AMD A8-6600K,456,
Intel Pentium G850,456,
Intel Xeon X3460,456,
AMD FX-8300,455,
AMD Athlon X4 840,455,
Intel Celeron J6412,453,
Intel Celeron 3965U,453,
AMD A10-5800K,452,
AMD A10-7850K,452,
AMD A10-9600P,452,
AMD A8-6500B,452,
Intel Core i5-650,449,
Intel Xeon X5650,449,
Intel Core i7-2635QM,449,
Intel Core i7-2675QM,449,
Intel Atom x6211E,449,
AMD FX-4300,448,
Intel Core i5-580M,448,
AMD A10-6700,448,
AMD Phenom II X6 1100T Black Edition,448,
AMD PRO A8-8600B,447,
Intel Core i7-940,447,
Intel Core i3-3240T,447,
Intel Celeron N5100,447,
Intel Core i7-860,446,
Intel Celeron N4500,445,
AMD Athlon X4 760K,444,
Intel Xeon X5550,444,
Intel Pentium G640,444,
Intel Core i5-2430M,443,
AMD FX-8320E,443,
Intel Core i3-560,443,
Intel Xeon E5-2640,442,
Intel Xeon E5-2660,442,
Intel Pentium G2010,442,
AMD A8-5600K,441,
Intel Core i5-3437U,441,
Intel Pentium G860,440,
Intel Xeon E5-2630,440,
Intel Core i7-620M,439,
Intel Pentium G840,439,
Intel Xeon W3530,437,
AMD A10 PRO-7800B,437,
Intel Core i5-3427U,436,
AMD FX-8150,436,
AMD A8-6500,436,
Intel Core i5-2410M,435,
AMD A8-7600,435,
AMD A10-8750,435,
Intel Core i7-2630QM,433,
Intel Xeon E5-2660 v2,433,
Intel Core i5-2415M,433,
Intel Xeon E5-2420 v2,433,
Intel Celeron 3955U,431,
AMD PRO A8-8650B,430,
AMD A10-7800,429,
Intel Pentium 4415U,429,
Intel Xeon X3450,429,
Intel Core i5-750,427,
Intel Pentium Gold 4417U,427,
Intel Celeron G1610,426,
AMD FX-8120,426,
Intel Xeon E5-2630L v2,426,
AMD A8 PRO-7600B,425,
Intel Core i3-2120T,423,
AMD A6-7400K,423,
Intel Core i7-920XM,422,
AMD A10-5800B,422,
Intel Xeon E5-2695 v2,422,
Intel Xeon X5460,420,
Intel Pentium G2030T,420,
AMD PRO A12-8830B,420,
Intel Core i7-640M,419,
Intel Core i5-3337U,419,
Intel Core i3-550,419,
AMD A8-7500,419,
AMD FX-4130,418,
Intel Xeon E5-2430,417,
Intel Core i7-930,416,
Intel Xeon E5-2620 v2,416,
Intel Core i7-940XM,416,
Intel Core i7-920,415,
Intel Core i3-2100T,415,
Intel Pentium Silver J5040,415,
Intel Xeon W3520,413,
AMD A6-6400K,410,
AMD FX-4100,409,
AMD A8-7650K,409,
Intel Celeron G1620,409,
Intel Core i3-540,408,
Intel Pentium G2020T,408,
AMD Phenom II X4 975 Black Edition,408,
AMD FX-6200,408,
Intel Pentium 4405U,404,
Intel Core i5-560M,403,
AMD Athlon X4 750K,401,
Intel Xeon E5-2620,400,
Intel Core 2 Extreme Q9300,399,
Intel Core i5-3317U,398,
Intel Pentium G620,396,
Intel Core 2 Duo E8600,396,
Intel Celeron G540,396,
Intel Pentium 2020M,396,
AMD Athlon X4 740,396,
Intel Core i7-840QM,394,
AMD A6-5400K,394,
Intel Pentium G630,393,
Intel Celeron 3865U,392,
Intel Core 2 Duo E8500,389,
Intel Core i3-3110M,389,
AMD Phenom II X6 1090T Black Edition,388,
AMD A8-5500B,388,
Intel Xeon E3110,388,
Intel Core 2 Extreme X9650,388,
AMD A10-5700,387,
Intel Core i3-3120M,387,
Intel Core 2 Duo T9900,387,
AMD PRO A10-8750B,387,
Intel Xeon E5-2640 v2,386,
Intel Xeon X5450,386,
Intel Xeon E5450,385,
Intel Celeron G550,385,
Intel Core i7-2920XM,384,
AMD A8-5500,383,
Intel Xeon E5-2650,382,
Intel Core i7-820QM,382,
Intel Core 2 Quad Q9650,381,
AMD FX-6100,381,
Intel Core i5-2557M,381,
AMD Phenom II X4 965 Black Edition,380,
Intel Pentium E6700,380,
Intel Xeon X3430,380,
Intel Xeon X3440,378,
Intel Core i7-640LM,377,
Intel Xeon E5620,373,
AMD A4-6300,373,
Intel Pentium B970,373,
Intel Celeron 5205U,373,
Intel Pentium Silver J5005,372,
Intel Xeon E5-2420,372,
Intel Xeon E5540,371,
Intel Core 2 Duo E7600,368,
Intel Core 2 Quad Q9550,368,
Intel Core i5-480M,368,
Intel Core i3-2370M,368,
AMD R-Series RX-427BB,368,
Intel Core 2 Duo E8400,368,
AMD Phenom II X2 555 Black Edition,367,
Intel Pentium Silver N5030,366,
Intel Core i5-520M,365,
Intel Core 2 Quad Q9500,365,
AMD Phenom II X4 960T,365,
Intel Core i5-460M,363,
Intel Core 2 Quad Q9505,362,
Intel Core i5-540M,361,
Intel Xeon E5440,361,
Intel Celeron G530,361,
Intel Pentium B980,360,
Intel Core i3-530,360,
Intel Xeon E5645,359,
Intel Core i7-740QM,358,
AMD A10-6790K,357,
AMD Phenom II X2 560 Black Edition,357,
Intel Celeron 3867U,357,
Intel Pentium E6600,356,
Intel Pentium G645T,355,
AMD A4-5300,355,
Intel Pentium Silver N5000,352,
AMD Phenom II X4 955 Black Edition,352,
Intel Celeron 4205U,352,
Intel Core 2 Duo E7500,351,
Intel Pentium E5800,350,
Intel Xeon E5-2609 v2,350,
Intel Xeon E5-2650L v2,350,
Intel Celeron J4005,348,
Intel Xeon E5520,348,
AMD Athlon II X3 455,348,
Intel Celeron J4025,348,
AMD A4-7300,347,
Intel Core i3-390M,347,
Intel Celeron J4125,346,
Intel Pentium E6500,346,
AMD Athlon II X2 270,345,
Intel Core 2 Duo T9550,345,
Intel Core i3-2350M,343,
Intel Xeon E5530,343,
AMD A8-3870,343,
AMD A4-4020,342,
Intel Celeron N4020,342,
Intel Core i5-450M,342,
AMD Phenom II X4 945,341,
Intel Core 2 Duo T9500,341,
Intel Core 2 Duo E8300,339,
Intel Core 2 Duo T9600,339,
AMD A10-4600M,339,
AMD Athlon II X2 260,339,
Intel Core 2 Quad Q9400,338,
Intel Core 2 Quad Q9450,338,
Intel Celeron G1610T,338,
Intel Core i3-2348M,336,
Intel Core i5-2467M,334,
AMD Athlon II X4 651,333,
Intel Core 2 Duo E6850,333,
Intel Xeon L5420,332,
AMD A4-4000,332,
Intel Celeron 3215U,332,
Intel Pentium E5700,331,
Intel Atom x6425RE,331,
Intel Core 2 Quad Q8400,330,
Intel Core i3-2310M,330,
Intel Core i3-2330M,330,
Intel Core 2 Duo P8800,330,
Intel Core i3-380M,329,
Intel Core i7-720QM,329,
Intel Core 2 Duo E8200,327,
Intel Celeron 1005M,326,
AMD Athlon II X3 450,326,
AMD Athlon II X4 645,326,
AMD Phenom II X4 840,325,
Intel Core i5-430M,324,
Intel Celeron N4000,324,
Intel Celeron J4105,324,
Intel Pentium G6950,324,
Intel Celeron N4120,324,
Intel Core i3-370M,321,
AMD A10-7400P,320,
Intel Core 2 Duo T9300,320,
AMD Phenom II X4 925,320,
Intel Celeron 3965Y,320,
Intel Pentium B960,318,
Intel Core i3-2328M,316,
Intel Core 2 Duo E7300,316,
Intel Core 2 Duo T9400,315,
AMD A10-5750M,314,
Intel Pentium 3556U,313,
Intel Celeron N4100,313,
Intel Core 2 Duo E7400,312,
Intel Core 2 Quad Q8300,312,
AMD A8-3850,312,
Intel Pentium 3805U,311,
AMD A4-4300M,311,
AMD A6-4400M,311,
Intel Pentium B940,310,
Intel Celeron 1037U,310,
Intel Pentium 4415Y,310,
AMD Athlon II X4 640,310,
Intel Core 2 Quad Q9300,310,
AMD Athlon II X3 440,309,
Intel Pentium 3825U,308,
Intel Pentium E6300,307,
Intel Pentium B950,305,
Intel Pentium 2117U,305,
Intel Pentium 2127U,305,
AMD Athlon II X2 250,305,
Intel Core i5-2537M,305,
Intel Core 2 Duo P8700,304,
AMD FX-7500,303,
AMD Phenom II X4 830,303,
AMD A6-5350M,303,
AMD A6-3650,300,
Intel Core 2 Duo T8300,299,
Intel Core 2 Quad Q8200,298,
AMD A8-3820,298,
Intel Core i3-3227U,297,
Intel Core 2 Duo E6750,297,
Intel Core 2 Duo E7200,297,
Intel Celeron 1000M,297,
AMD Athlon II X2 240,296,
Intel Pentium E5400,296,
AMD A4-3400,294,
AMD Athlon II X4 630,294,
AMD A4-3420,294,
AMD Phenom II X4 810,293,
Intel Core i3-350M,292,
AMD Athlon II X2 B24,292,
Intel Pentium E5200,290,
Intel Core 2 Quad Q6700,290,
Intel Celeron E3500,290,
Intel Core i3-3217U,289,
Intel Pentium E5300,289,
AMD Athlon II X3 445,289,
AMD A8-3800,289,
AMD A8-4500M,288,
AMD A8-5550M,288,
Intel Pentium E5500,288,
AMD Athlon II X4 635,288,
Intel Xeon E5-2440 v2,285,
AMD Athlon II X3 425,285,
Intel Celeron E3400,284,
Intel Pentium P6200,283,
Intel Core 2 Duo P7550,282,
AMD Athlon II X4 620,281,
Intel Celeron 3205U,280,
AMD A10-7300,279,
AMD Athlon II X2 220,279,
Intel Celeron B820,278,
Intel Pentium P6100,277,
AMD A6-3430MX,277,
AMD Athlon II X2 215,276,
Intel Core 2 Duo P8600,275,
Intel Core 2 Duo P8400,274,
Intel Core i3-330M,274,
AMD A8 PRO-7150B,273,
AMD A10-5745M,273,
Intel Core 2 Duo T8100,273,
Intel Pentium J4205,273,
Intel Celeron 1017U,272,
AMD A6-3600,272,
AMD A10-4655M,271,
Intel Pentium N4200,270,
Intel Core 2 Quad Q6600,270,
Intel Celeron J3355,269,
Intel Celeron 2955U,268,
Intel Core 2 Duo E6600,266,
Intel Celeron B830,265,
Intel Core 2 Quad Q9000,264,
Intel Atom x6414RE,261,
Intel Core 2 Duo P7450,260,
Intel Core 2 Duo T6570,260,
Intel Core 2 Duo E6550,260,
AMD A6-3620,259,
AMD Athlon II X2 245,258,
Intel Celeron J3455,254,
Intel Core 2 Duo T7600,254,
Intel Core 2 Duo T7700,252,
AMD A8-3520M,252,
Intel Celeron N3350,251,
Intel Pentium T4400,250,
Intel Celeron 1007U,249,
AMD A8-5545M,248,
Intel Pentium T4500,246,
Intel Core 2 Duo T6600,244,
Intel Core 2 Duo T6670,242,
Intel Core 2 Duo T6500,242,
Intel Core 2 Duo T7500,241,
Intel Core i3-2377M,241,
Intel Celeron N3450,240,
Intel Celeron B815,240,
AMD A8-7410,239,
Intel Celeron T3500,238,
AMD Phenom X4 9650,238,
Intel Core 2 Duo E6400,237,
Intel Core i3-2375M,236,
Intel Celeron E3300,235,
AMD Phenom X4 9550,234,
Intel Atom x7-E3950,233,
AMD A4-3330MX,232,
Intel Core 2 Duo T6400,231,
AMD A6-7310,229,
Intel Core 2 Duo P7350,229,
AMD A8-3500M,229,
Intel Pentium 987,228,
Intel Core 2 Duo T5870,228,
AMD A6-3420M,228,
AMD A6-6310,227,
Intel Core i3-2367M,227,
AMD A4-3300M,227,
AMD Athlon 5350,221,
Intel Pentium T4200,220,
Intel Core 2 Duo T5800,220,
AMD A8-6410,219,
Intel Core 2 Duo T7300,219,
Intel Core 2 Duo E4600,219,
Intel Core 2 Duo T7200,216,
AMD A4-7210,214,
AMD A4 Pro-3350B,213,
Intel Core 2 Duo T5750,212,
AMD A6-3400M,211,
AMD A6-5200,210,
Intel Pentium T3400,210,
Intel Pentium T4300,209,
Intel Celeron T3100,209,
AMD A6-4455M,206,
Intel Pentium J3710,200,
Intel Core 2 Duo T7250,200,
Intel Celeron 900,200,
Intel Core i3-2365M,199,
AMD Athlon 64 X2 5000+,198,
Intel Pentium N3540,193,
AMD Athlon II P340,190,
Intel Pentium N3530,189,
AMD A4-6210,188,
Intel Core 2 Duo E6300,185,
AMD E2-7110,184,
AMD Athlon II M320,182,
Intel Atom Z3795,179,
Intel Pentium N3700,178,
Intel Atom x5-Z8550,177,
Intel Celeron N2840,177,
Intel Atom x7-Z8750,177,
Intel Atom x7-Z8700,176,
AMD Phenom II X4 P920,176,
Intel Celeron J3060,173,
Intel Celeron J1900,172,
Intel Pentium N3520,172,
Intel Atom x5-Z8500,171,
Intel Celeron N3160,171,
Intel Core 2 Duo SU7300,168,
Intel Celeron J3160,168,
Intel Celeron 847,167,
Intel Pentium E2140,167,
Intel Celeron N2940,165,
Intel Celeron N2830,165,
Intel Celeron N3150,162,
AMD GX-415GA,162,
AMD A4-5000,160,
Intel Pentium D 945/950,159,
AMD E2-6110,154,
Intel Celeron N2815,151,
Intel Celeron N3050,151,
Intel Celeron N3000,151,
Intel Pentium D 830/925/930,151,
Intel Celeron N2930,149,
Intel Core 2 Duo T5500,147,
Intel Celeron N2807,142,
AMD E1-2500,140,
Intel Pentium SU2700,138,
AMD E1-7010,136,
Intel Atom x5-Z8350,135,
AMD Athlon 1640B,135,
Intel Atom x5-Z8300,132,
AMD Athlon 64 3500+,129,
AMD E1-6010,126,
AMD E1-6015,124,
AMD E2-1800,113,
AMD E-450,109,
AMD E1-1500,106,
AMD E-350,103,
AMD E1-1200,94,
AMD E1-2100,90,
AMD E-300,79,
Intel Atom D525,77,
AMD C-60,76,
AMD C-50,71,
Intel Atom N550,64,
Intel Xeon Platinum 8462Y+,22271,
Intel Core i9-13900KS,21833,
Intel Core i9-14900KF,21042,
Intel Core i9-14900K,21000,
AMD EPYC 9554,20643,
Intel Core i9-13900K,20148,
Intel Core i9-13900KF,20101,
AMD Ryzen 9 7950X3D,19633,
Intel Core i7-14700K,19317,
AMD Ryzen 9 7950X,19293,
AMD EPYC 9654,19264,
Intel Core i7-14700KF,19234,
Intel Xeon w9-3495X,18844,
Intel Xeon w7-2495X,18719,
Intel Core i9-14900F,18270,
AMD Ryzen 9 7900X,17849,
Intel Xeon w9-3475X,17711,
AMD Ryzen Threadripper PRO 5995WX,17651,
Intel Core i7-13700K,17611,
Intel Core i7-13700KF,17606,
AMD Ryzen 9 7900X3D,17479,
Intel Core i7-14700F,17332,
Intel Xeon W-3375,17324,
Intel Core i9-13900F,17219,
Intel Xeon w5-3435X,16995,
Intel Xeon w7-3465X,16930,
AMD Ryzen 9 7900,16743,
Intel Core i9-14900HX,16516,
AMD Ryzen 9 7945HX3D,16485,
AMD EPYC 75F3,16432,
Intel Core i9-13900,16426,
AMD Ryzen Threadripper PRO 5975WX,16424,
Intel Core i7-14700,16412,
Intel Core i9-12900KS,16223,
Intel Core i5-14600K,16087,
AMD Ryzen Threadripper PRO 5955WX,15921,
Intel Core i9-14900,15863,
AMD Ryzen 9 7945HX,15746,
Intel Core i5-14600KF,15636,
AMD EPYC 9174F,15484,
Intel Core i7-13700F,15475,
Intel Core i9-12900K,15445,
Intel Xeon w7-3445,15422,
Intel Core i5-13600KF,15415,
AMD EPYC 7713,15315,
AMD Ryzen 7 7700X,15263,
AMD Ryzen 7 7800X3D,15172,
Intel Core i5-14600T,14958,
Intel Xeon w7-2475X,14916,
Intel Core i9-12900KF,14881,
Intel Core i5-13600K,14848,
AMD Ryzen Threadripper PRO 3995WX,14828,
AMD EPYC 7773X,14825,
AMD Ryzen 7 7700,14808,
Intel Core i7-13700,14759,
AMD Ryzen Threadripper PRO 5965WX,14738,
Intel Xeon w5-2465X,14645,
AMD EPYC 7443P,14591,
AMD Ryzen Threadripper PRO 3975WX,14579,
Intel Core i7-14650HX,14291,
AMD Ryzen 7 8700G,14235,
AMD Ryzen Threadripper 3970X,14008,
AMD Ryzen Threadripper 3990X,13904,
Intel Core i9-12900F,13890,
AMD EPYC 9124,13873,
AMD Ryzen 9 7845HX,13771,
Intel Xeon W-3175X,13710,
Intel Core i7-12700K,13694,
Intel Core i7-12700KF,13549,
Intel Xeon w5-2455X,13541,
Intel Core i7-14700HX,13478,
Intel Core i5-14600,13454,
AMD Ryzen Threadripper 3960X,13317,
Intel Core i5-14500,13275,
AMD Ryzen 7 7745HX,13211,
AMD Ryzen Threadripper PRO 5945WX,13045,
Intel Core i9-12900,13044,
AMD Ryzen 5 7600X,12807,
AMD EPYC 7413,12804,
Intel Xeon w7-3455,12759,
AMD Ryzen 5 7500F,12604,
Intel Core i5-13600,12420,
AMD Ryzen Threadripper PRO 3955WX,12353,
Intel Core i5-13500,12346,
Intel Core i5-14400,12326,
Intel Core i5-13600T,12277,
AMD Ryzen 5 7600,12259,
Intel Core i9-12900T,12204,
Intel Xeon w5-3425,12195,
AMD Ryzen 9 5950X,12159,
Intel Core i5-12600KF,12036,
Intel Xeon W-3245M,12007,
Intel Core i9-10980XE,11985,
AMD Ryzen 9 5900X,11883,
Intel Core i7-12700E,11807,
Intel Core i5-12600K,11792,
AMD EPYC 7742,11782,
AMD Ryzen 5 7645HX,11781,
Intel Xeon W-3275M,11736,
Intel Xeon W-3245,11724,
AMD Ryzen 7 8845HS,11671,
Intel Core i9-12900TE,11654,
AMD Ryzen 9 7940HS,11626,
Intel Core i9-7980XE,11616,
AMD Ryzen 9 8945HS,11570,
Intel Core i7-12700F,11527,
Intel Core i7-13700T,11521,
Intel Core Ultra 9 185H,11484,
AMD EPYC 7702,11452,
Intel Core i5-14400F,11359,
Intel Core i9-10920X,11349,
AMD EPYC 9354P,11249,
AMD EPYC 7763,11241,
Intel Core i9-9980XE,11230,
AMD Ryzen 7 7840HS,11190,
AMD EPYC 7402,11181,
AMD Ryzen 9 PRO 7940HS,11147,
Intel Xeon Platinum 8180,11044,
AMD Ryzen 7 5800X3D,10956,
Intel Core i9-11900K,10948,
Intel Core i5-14500T,10886,
Intel Core i7-12700,10780,
Intel Core i9-10940X,10769,
Intel Core i5-13400F,10745,
Intel Core i9-9940X,10734,
AMD Ryzen 7 PRO 7840HS,10714,
AMD Ryzen Threadripper PRO 3945WX,10709,
AMD Ryzen 9 3950X,10696,
Intel Xeon w5-2445,10596,
Intel Xeon W-2295,10588,
AMD Ryzen 7 8840HS,10570,
Intel Xeon W-2275,10566,
AMD Ryzen 7 7840U,10554,
Intel Xeon Silver 4410Y,10506,
Intel Core i9-7960X,10496,
Intel Core i5-13400,10364,
Intel Xeon Platinum 8168,10299,
AMD EPYC 7642,10269,
AMD Ryzen 7 5700X3D,10267,
AMD Ryzen 7 5800X,10263,
Intel Xeon Gold 6230R,10259,
Intel Core i5-13500E,10243,
Intel Xeon W-3235,10198,
Intel Core i7-11700KF,10185,
Intel Xeon W-2265,10146,
Intel Core i9-11900KF,10125,
Intel Xeon Gold 6150,10085,
AMD Ryzen 9 3900XT,10030,
Intel Core i9-9960X,9994,
Intel Xeon E-2388G,9993,
Intel Xeon W-2195,9974,
AMD Ryzen 9 3900X,9938,
Intel Core i9-7940X,9923,
AMD EPYC 7502P,9884,
AMD Ryzen 9 5900,9865,
Intel Core i7-12700T,9819,
Intel Xeon Gold 5317,9808,
Intel Core i7-11700K,9806,
AMD Ryzen 7 5700X,9729,
Intel Core i5-12600,9721,
Intel Xeon Gold 6226R,9687,
AMD Ryzen Z1 Extreme,9658,
Intel Core i9-12900E,9644,
Intel Xeon Gold 6154,9628,
Intel Xeon E5-2699A v4,9619,
AMD Ryzen 5 PRO 7640HS,9594,
AMD Ryzen 7 PRO 7840U,9583,
Intel Core i5-13500T,9576,
AMD Ryzen 9 6900HX,9532,
AMD Ryzen 9 3900,9527,
Intel Core i9-9900X,9516,
Intel Xeon Silver 4314,9516,
Intel Core i9-9920X,9442,
Intel Xeon W-2191B,9413,
Intel Xeon W-2255,9395,
Intel Core i9-10900X,9371,
AMD EPYC 7313P,9368,
AMD EPYC 7302,9356,
AMD Ryzen 5 5600X3D,9307,
AMD Ryzen 7 7735HS,9281,
AMD EPYC 7532,9243,
Intel Core i9-11900F,9171,
Intel Core i9-10900K,9163,
Intel Core i9-10900KF,9154,
Intel Core i5-12500E,9152,
Intel Xeon Gold 6132,9115,
Intel Core i9-7920X,9102,
AMD Ryzen 7 7840U,9100,
Intel Core i9-10850K,9096,
AMD Ryzen 7 5700,9080,
Intel Xeon w3-2435,9080,
Intel Core i5-12500,9079,
AMD EPYC 7282,9071,
Intel Xeon Gold 6136,9037,
AMD Ryzen 5 7640HS,9025,
AMD Ryzen 9 PRO 3900,9018,
AMD Ryzen 7 6800H,9010,
AMD EPYC 7402P,8992,
Intel Core i5-13400T,8974,
Intel Xeon Gold 6146,8965,
Intel Core i7-11850HE,8945,
Intel Xeon W-11955M,8923,
Intel Core i5-12400F,8910,
Intel Core i5-12400,8847,
Intel Core i9-13900E,8837,
Intel Core i5-13400E,8823,
Intel Core i9-11900,8816,
Intel Xeon W-1290,8810,
AMD Ryzen 7 7840U,8791,
Intel Core i7-11700F,8790,
Intel Core i9-7900X,8781,
AMD Ryzen 5 8640U,8769,
AMD Ryzen 7 8840U,8764,
Intel Xeon W-1290P,8747,
AMD Ryzen 7 5700G,8740,
AMD Ryzen 7 5800,8728,
AMD Ryzen 9 6900HS,8728,
AMD Ryzen 5 7640U,8718,
Intel Core i5-11600KF,8707,
AMD Ryzen 5 5600X,8659,
Intel Xeon Gold 6140,8620,
Intel Core i7-11700,8613,
AMD Ryzen 7 6800HS,8612,
Intel Core i9-9900KS,8596,
Intel Core i5-11600K,8579,
AMD Ryzen Z1,8559,
Intel Xeon W-2245,8544,
AMD Ryzen 5 5600,8539,
Intel Xeon W-2155,8509,
AMD Ryzen 7 3800X,8498,
AMD Ryzen 9 PRO 5945,8494,
AMD Ryzen 9 PRO 6950HS,8485,
AMD Ryzen 7 3800XT,8481,
Intel Core i7-6950X,8447,
AMD Ryzen 7 PRO 6850HS,8441,
Intel Xeon W-2175,8433,
Intel Core i3-14100,8430,
Intel Core i9-10900F,8426,
Intel Xeon Gold 5218R,8423,
Intel Core i9-10900,8421,
Intel Xeon W-1270P,8393,
Intel Xeon E5-2698 v4,8390,
Intel Xeon E5-2697A v4,8386,
Intel Core i3-14100F,8380,
AMD Ryzen 9 PRO 6950H,8352,
AMD Ryzen Threadripper 2950X,8338,
Intel Xeon Gold 6244,8267,
Intel Core i9-11900T,8260,
AMD Ryzen 5 5600GT,8256,
Intel Xeon W-1350,8233,
Intel Xeon E5-2696 v3,8218,
Intel Xeon E5-2699 v4,8198,
Intel Core i9-10910,8194,
Intel Core i5-11600,8188,
AMD EPYC 7302P,8172,
Intel Xeon W-2150B,8157,
AMD Ryzen 5 7540U,8150,
Intel Core i7-10700K,8142,
AMD Ryzen 7 PRO 5750G,8116,
Intel Core Ultra 5 134U,8115,
AMD Ryzen 7 PRO 3700,8110,
Intel Xeon W-1270,8108,
Intel Xeon Gold 5218,8107,
AMD Ryzen 7 3700X,8102,
Intel Core i7-10700KF,8083,
Intel Core i9-9900KF,8053,
Intel Core i7-11850H,8048,
AMD EPYC 7452,8043,
Intel Xeon E5-2697 v4,8039,
Intel Xeon w3-2425,8035,
Intel Xeon W-2145,8033,
AMD Ryzen 5 7540U,8008,
Intel Xeon W-11865MRE,8005,
Intel Xeon Gold 6230,7989,
Intel Core i9-9900K,7960,
AMD Ryzen 5 PRO 7540U,7959,
Intel Xeon E-2378,7942,
Intel Xeon W-3223,7938,
Intel Core i7-11800H,7887,
Intel Xeon Gold 6138,7875,
Intel Xeon E5-2696 v4,7872,
Intel Core i5-12600T,7860,
Intel Core i7-7820X,7849,
AMD Ryzen 7 7735U,7836,
AMD EPYC 7313,7761,
Intel Core i3-13100F,7741,
Intel Xeon E-2336,7719,
AMD Ryzen 9 5980HX,7707,
Intel Xeon E5-2687W v4,7706,
AMD Ryzen 5 5500,7692,
AMD Ryzen 7 PRO 4750G,7683,
Intel Xeon W-3265M,7681,
Intel Xeon Silver 4216,7680,
Intel Core i3-12100E,7680,
AMD Ryzen 5 5600G,7665,
Intel Core i3-12300,7659,
Intel Xeon Gold 6148,7628,
Intel Core i5-11400F,7608,
AMD Ryzen 7 PRO 6850U,7603,
Intel Xeon E5-2690 v4,7580,
Intel Xeon E5-2673 v4,7562,
Intel Xeon W-2140B,7547,
AMD Ryzen Threadripper 1950X,7539,
AMD Ryzen 9 5900HX,7527,
Intel Xeon Gold 6134,7480,
Intel Xeon Silver 4310,7475,
Intel Core i3-12100F,7457,
Intel Core i5-12500T,7456,
Intel Xeon E5-2697 v3,7454,
AMD Ryzen Threadripper 2920X,7454,
Intel Core i5-12400T,7453,
AMD Ryzen 7 PRO 6850H,7433,
Intel Xeon E-2356G,7432,
Intel Core i5-11500,7424,
Intel Xeon E5-2698 v3,7422,
AMD Ryzen 7 6800U,7410,
AMD Ryzen Threadripper 2970WX,7407,
Intel Core i7-5960X,7389,
AMD Ryzen 7 7736U,7389,
Intel Xeon E5-2695 v4,7374,
Intel Core i7-9800X,7353,
AMD Ryzen 5 6600H,7350,
Intel Core i3-13100,7337,
Intel Core 7 150U,7317,
Intel Xeon E5-1660 v3,7310,
Intel Core i5-11400,7300,
Intel Core i7-12700TE,7261,
Intel Xeon w3-2423,7232,
Intel Core i7-10700F,7231,
AMD Ryzen 5 3600XT,7222,
AMD Ryzen Threadripper 2990WX,7221,
AMD Ryzen 7 PRO 6860Z,7207,
Intel Core i3-13100E,7207,
Intel Core i9-9900,7204,
Intel Xeon Silver 4214R,7203,
Intel Xeon W-11855M,7197,
AMD Ryzen 7 PRO 5750GE,7140,
AMD Ryzen 7 5800H,7120,
Intel Core i7-6900K,7118,
Intel Core i7-9700KF,7107,
Intel Core i7-9700K,7089,
Intel Xeon E5-2690 v3,7030,
Intel Xeon W-10885M,7026,
AMD Ryzen 5 PRO 5650G,7017,
Intel Xeon Processor E5-1680 v3,7012,
Intel Core i7-10700,7010,
Intel Xeon E5-2680 v4,7007,
AMD Ryzen 5 3600X,7000,
Intel Xeon E5-1680 v4,7000,
Intel Xeon W-2235,6989,
AMD Ryzen Threadripper 1920X,6976,
Intel Core i7-8086K,6973,
AMD Ryzen 5 3600,6884,
Intel Core i3-12100,6877,
Intel Core i5-10600K,6838,
Intel Xeon E5-2687W v3,6832,
Intel Core i5-10600KF,6819,
Intel Xeon E5-2689 v4,6806,
AMD Ryzen 5 PRO 6650H,6806,
AMD Ryzen 9 4900H,6772,
Intel Xeon E5-2683 v4,6769,
Intel Xeon E-2286G,6762,
Intel Xeon E5-1660 v4,6726,
Intel Xeon Silver 4215R,6678,
AMD Ryzen 5 7535HS,6668,
Intel Core i7-11600H,6664,
Intel Xeon E5-2678 v3,6636,
Intel Xeon E-2286M,6621,
Intel Core i3-12300T,6605,
Intel Core i7-10875H,6574,
AMD Ryzen 5 PRO 3600,6572,
AMD Ryzen 7 7730U,6547,
Intel Xeon W-2135,6542,
Intel Xeon E5-2680 v3,6528,
AMD Ryzen 5 PRO 5650GE,6521,
AMD Ryzen 7 5800U,6519,
Intel Core i9-10885H,6497,
AMD Ryzen 5 6600U,6487,
Intel Core i7-11700T,6484,
Intel Core i9-10900T,6474,
Intel Core i5-9600K,6468,
AMD Ryzen 5 7535U,6456,
Intel Core i5-11500H,6448,
Intel Core i7-8700K,6443,
AMD Ryzen 5 PRO 6650U,6439,
Intel Core i5-12500TE,6424,
Intel Xeon E-2176G,6422,
Intel Xeon E5-2667 v4,6391,
AMD Ryzen 9 4900HS,6387,
Intel Xeon E-2136,6375,
Intel Xeon Silver 4210R,6365,
Intel Core i9-9980HK,6341,
Intel Core i5-11400H,6333,
AMD Ryzen 7 PRO 4750GE,6328,
Intel Xeon E-2236,6312,
Intel Xeon Silver 4214,6297,
Intel Core i3-13100TE,6261,
Intel Core i7-9700F,6256,
Intel Xeon E-2186G,6255,
Intel Core i7-1265U,6242,
AMD Ryzen 7 PRO 5850U,6239,
AMD EPYC 7551P,6225,
Intel Xeon E5-2660 v4,6224,
Intel Xeon E5-2683 v3,6221,
Intel Core i7-9700,6217,
AMD Ryzen 7 5825U,6205,
AMD Ryzen 5 4500,6199,
Intel Core i5-10600,6175,
AMD Ryzen 5 PRO 4650G,6173,
Intel Core i5-11260H,6159,
Intel Core i7-7800X,6147,
AMD Ryzen 5 5560U,6141,
AMD Ryzen 5 4600G,6127,
AMD Ryzen 7 2700X,6113,
Intel Core i9-9880H,6106,
Intel Xeon E-2246G,6097,
Intel Core i7-10870H,6094,
AMD Ryzen 7 4800HS,6035,
Intel Core i9-9900T,5994,
Intel Core i7-9700E,5980,
Intel Core i5-11600T,5971,
Intel Xeon W-1250,5955,
AMD EPYC 7551,5942,
Intel Xeon E5-2660 v3,5936,
AMD Ryzen 7 4800H,5935,
Intel Core i7-10700T,5928,
Intel Xeon E5-2670 v3,5910,
Intel Core i7-8700,5905,
Intel Xeon Gold 6128,5883,
Intel Core i7-8700B,5875,
Intel Xeon E-2146G,5875,
Intel Core i5-11500T,5865,
Intel Core i7-1260U,5854,
AMD Ryzen 5 3500X,5850,
Intel Core i3-12100T,5823,
Intel Core i7-6850K,5821,
Intel Xeon E5-2643 v4,5802,
AMD Ryzen Threadripper 1900X,5794,
AMD Ryzen 3 3300X,5793,
Intel Xeon W-10855M,5772,
AMD Ryzen 5 5600H,5763,
AMD Ryzen 5 5600U,5759,
AMD Ryzen 5 7530U,5759,
Intel Core i5-10400F,5751,
Intel Xeon W-2133,5749,
AMD Ryzen 7 1800X,5735,
AMD Ryzen 7 PRO 7730U,5735,
Intel Xeon W-11865MLE,5731,
Intel Core i5-1235U,5722,
Intel Core i5-9600KF,5707,
Intel Xeon Silver 4210,5703,
Intel Xeon E5-2640 v4,5687,
AMD Ryzen 5 PRO 4650GE,5665,
Intel Core i7-6800K,5661,
Intel Xeon E-2226G,5630,
AMD Ryzen 7 5700GE,5627,
AMD Ryzen 7 PRO 1700X,5619,
Intel Core i5-8600K,5597,
Intel Xeon Silver 4215,5580,
AMD Ryzen 7 1700X,5574,
AMD Ryzen 7 4800U,5571,
Intel Core i5-1230U,5567,
Intel Core i7-1250U,5528,
Intel Core i7-11390H,5528,
Intel Core i5-11400T,5527,
Intel Core i7-11375H,5495,
AMD Ryzen 7 2700,5489,
Intel Core i5-10400,5489,
AMD Ryzen 3 5300G,5482,
Intel Core i7-5930K,5480,
Intel Xeon E5-1650 v4,5480,
AMD Ryzen 7 5700U,5474,
Intel Xeon E-2276M,5471,
Intel Core i5-10500,5470,
AMD Ryzen 5 5625U,5457,
Intel Core i7-11370H,5451,
Intel Xeon E5-2630 v4,5448,
Intel Core i7-5820K,5443,
Intel Core i7-10850H,5425,
AMD Ryzen 5 PRO 5650U,5420,
Intel Xeon E-2334,5406,
Intel Xeon E5-2640 v3,5400,
Intel Core i7-10750H,5396,
Intel Core i5-11320H,5395,
AMD Ryzen 5 PRO 5675U,5386,
Intel Xeon E5-2650 v3,5378,
AMD Ryzen 5 3500,5378,
AMD Ryzen 7 PRO 5875U,5362,
Intel Xeon E5-2650L v4,5357,
Intel Core i7-10700TE,5314,
Intel Core i7-1195G7,5308,
Intel Xeon E5-1650 v3,5305,
Intel Core i7-1185G7,5305,
Intel Xeon W-2225,5295,
Intel Xeon E-2324G,5281,
Intel Core i7-7740X,5277,
Intel Core i5-7640X,5275,
Intel Xeon E-2186M,5270,
AMD Ryzen 5 2600X,5263,
AMD Ryzen 7 PRO 2700,5203,
Intel Core i5-10505,5183,
AMD Ryzen 7 PRO 4750U,5170,
AMD Ryzen 5 PRO 7530U,5162,
Intel Xeon E-2174G,5158,
Intel Core i7-1068NG7,5150,
Intel Xeon E-2274G,5148,
Intel Core i7-9700T,5140,
Intel Xeon Silver 4114,5137,
AMD Ryzen 5 4600HS,5129,
Intel Core i7-7700K,5105,
AMD Ryzen 7 1700,5100,
AMD Ryzen 3 PRO 5350G,5095,
Intel Core i7-9850H,5086,
AMD Ryzen 3 3100,5081,
AMD Ryzen 5 4600H,5046,
Intel Core i5-9500F,5041,
Intel Xeon E5-2630 v3,5039,
Intel Core i5-8600,5027,
Intel Core i5-10500H,5005,
Intel Core i5-9500,4990,
Intel Xeon E3-1275 v6,4987,
AMD Ryzen 3 PRO 5350GE,4980,
Intel Xeon E-2134,4975,
Intel Xeon Silver 4208,4968,
Intel Core i7-1165G7,4951,
Intel Core i5-1145G7,4950,
Intel Core i5-9600,4944,
Intel Core i5-11300H,4940,
Intel Xeon E-2176M,4939,
Intel Core i7-9750H,4930,
Intel Core i3-13100T,4928,
Intel Core i3-1215U,4913,
AMD Ryzen 7 PRO 1700,4906,
Intel Core i5-8500B,4902,
Intel Core i7-6700K,4897,
AMD Ryzen 3 PRO 4350GE,4895,
Intel Core i9-8950HK,4890,
AMD Ryzen 7 4700U,4887,
Intel Xeon W-2125,4885,
Intel Core i5-1155G7,4856,
Intel Core i7-5775C,4851,
Intel Xeon Silver 4116,4848,
Intel Core i5-8500,4844,
AMD Ryzen 5 2600,4841,
Intel Core i5-9400F,4834,
Intel Core i5-10600T,4833,
Intel Core i5-9400,4795,
Intel Core i3-10300,4795,
AMD Ryzen 3 PRO 5450U,4794,
Intel Core i5-1038NG7,4769,
AMD Ryzen 5 1600X,4766,
AMD Ryzen 5 PRO 2600,4760,
Intel Core i5-8400,4748,
Intel Xeon E-2144G,4738,
AMD Ryzen 3 4100,4702,
Intel Core i7-8700T,4691,
Intel Xeon E5-2620 v4,4677,
AMD Ryzen 3 PRO 4350G,4669,
Intel Core i5-8600T,4662,
Intel Core i7-9750HF,4642,
Intel Core i3-10320,4626,
Intel Core i7-8809G,4625,
Intel Xeon E3-1575M v5,4618,
AMD Ryzen 5 4600U,4614,
AMD Ryzen 5 5500U,4612,
Intel Core i7-8750H,4609,
Intel Core i3-10105,4609,
Intel Core i7-8850H,4603,
AMD Ryzen 5 PRO 4650U,4600,
Intel Xeon W-2223,4598,
Intel Xeon E3-1286 v3,4581,
AMD Ryzen 5 1600,4578,
Intel Xeon E3-1270 v6,4561,
Intel Core i5-1135G7,4556,
Intel Core i5-10500T,4551,
Intel Xeon D-1541,4543,
Intel Xeon E3-1285L v4,4511,
AMD Ryzen 3 5400U,4495,
Intel Xeon Silver 4110,4486,
Intel Core i3-10105F,4472,
Intel Xeon E5-2630L v3,4461,
Intel Core i7-7700,4460,
Intel Core i3-10100F,4450,
Intel Xeon E3-1280 v5,4432,
Intel Core i5-9600T,4407,
Intel Core i7-4790K,4394,
Intel Xeon E3-1275 v5,4359,
Intel Xeon E-2224G,4354,
Intel Xeon E3-1230 v6,4347,
AMD Ryzen 3 PRO 7330U,4346,
Intel Pentium Gold G7400,4329,
Intel Xeon E3-1270 v5,4323,
Intel Xeon Silver 4108,4313,
Intel Xeon W-2123,4310,
Intel Xeon E3-1240 v6,4296,
Intel Xeon E5-2697 v2,4294,
Intel Core i7-8569U,4290,
Intel Xeon E3-1245 v6,4276,
Intel Xeon E3-1260L v5,4259,
Intel Xeon E-2314,4241,
AMD Ryzen 3 5425U,4240,
Intel Core i3-8350K,4238,
Intel Core i5-7600K,4226,
Intel Core i3-10100,4215,
Intel Xeon E5-2637 v3,4210,
Intel Core i5-10400T,4205,
Intel Core i5-9500T,4204,
Intel Core i5-9500E,4204,
Intel Xeon E3-1240 v5,4192,
Intel Core i5-9400H,4185,
Intel Xeon E3-1230 v5,4178,
Intel Xeon E-2224,4162,
Intel Xeon E3-1245 v5,4158,
AMD Ryzen 5 5500H,4157,
Intel Xeon E5-1630 v4,4145,
Intel Core i7-7920HQ,4142,
Intel Core i7-6700,4140,
Intel Core i7-8559U,4138,
Intel Xeon E5-2686 v4,4129,
Intel Core i5-8500T,4117,
Intel Xeon E3-1281 v3,4108,
Intel Core i5-9300HF,4104,
Intel Core i7-7820HK,4101,
Intel Xeon E5-1630 v3,4091,
Intel Xeon E5-2690 v2,4085,
AMD Ryzen 3 PRO 5475U,4081,
Intel Core i5-5675C,4079,
Intel Core i5-8259U,4064,
Intel Core i7-4770K,4058,
Intel Core i3-1125G4,4054,
AMD Ryzen 3 PRO 4450U,4032,
Intel Xeon E3-1276 v3,4031,
Intel Xeon E5-2696 v2,4027,
Intel Xeon E5-2687W v2,4022,
Intel Core i5-6600K,4012,
Intel Core i5-10300H,4008,
Intel Xeon E5-2673 v2,4004,
Intel Xeon E3-1545M v5,3999,
Intel Xeon E5-2620 v3,3996,
Intel Core i5-9400T,3996,
Intel Xeon E5-1680 v2,3994,
Intel Xeon E5-2667 v2,3982,
Intel Core i5-10400H,3980,
Intel Core i5-8257U,3973,
Intel Xeon E3-1505M v6,3928,
Intel Core i7-8705G,3920,
Intel Xeon E-2124G,3918,
Intel Core i7-6770HQ,3914,
Intel Xeon E5-1620 v4,3898,
Intel Xeon E-2124,3895,
Intel Core i5-8400T,3884,
Intel Xeon E3-1270 v3,3875,
Intel Xeon E3-1271 v3,3874,
Intel Xeon E3-1280 v3,3874,
Intel Core i5-10200H,3866,
Intel Core i7-4940MX,3861,
Intel Core i7-4771,3857,
Intel Core i7-4790,3852,
Intel Xeon E5-2680 v2,3843,
Intel Core i7-5775R,3838,
AMD Ryzen 3 7330U,3829,
Intel Core i3-10100T,3828,
Intel Xeon E3-1535M v5,3828,
Intel Core i3-8300,3825,
Intel Xeon E5-1620 v3,3819,
Intel Xeon E3-1245 v3,3816,
Intel Core i5-7600,3812,
AMD Ryzen 5 7520U,3807,
Intel Xeon E3-1241 v3,3802,
AMD Ryzen 5 2500X,3801,
Intel Xeon E5-2695 v2,3793,
Intel Core i7-4770,3782,
Intel Core i7-4960HQ,3770,
Intel Xeon E3-1535M v6,3765,
Intel Xeon E3-1275 v3,3764,
Intel Core i7-6820HK,3756,
Intel Xeon E3-1231 v3,3749,
Intel Core i5-8300H,3741,
Intel Core i7-4790S,3737,
Intel Core i5-8279U,3736,
Intel Xeon E3-1240 v3,3735,
Intel Core i7-7700T,3728,
Intel Xeon E3-1230 v3,3696,
Intel Core i7-4980HQ,3694,
Intel Core i7-6920HQ,3678,
Intel Core i5-9300H,3676,
Intel Core i3-9100F,3669,
Intel Xeon E3-1246 v3,3664,
Intel Core i3-9350KF,3664,
Intel Core i5-5675R,3658,
Intel Xeon E5-2667 v3,3652,
AMD Ryzen 3 7320U,3651,
AMD Ryzen 5 1500X,3644,
Intel Core i5-4690K,3631,
AMD Ryzen 3 5300U,3628,
Intel Core i5-8305G,3626,
Intel Xeon E3-1225 v6,3624,
Intel Core i7-4870HQ,3622,
AMD Ryzen 5 3400G,3619,
Intel Core i5-8400H,3600,
Intel Core i3-9100,3597,
Intel Core i7-7700HQ,3580,
Intel Core i7-4770S,3579,
Intel Xeon E3-1505M v5,3579,
Intel Core i3-10105T,3577,
Intel Core i7-6700T,3566,
Intel Core i7-7820HQ,3555,
Intel Core i5-6600,3552,
Intel Core i5-4670K,3544,
Intel Core i3-8100B,3513,
Intel Core i5-7500,3478,
Intel Xeon E3-1265L v3,3460,
Intel Core i7-1060NG7,3452,
Intel Core i7-4770R,3451,
Intel Core i7-6820HQ,3446,
Intel Xeon E5-2623 v4,3432,
Intel Xeon E3-1275L v3,3421,
Intel Core i7-6700HQ,3420,
Intel Xeon E3-1225 v5,3420,
Intel Xeon E5-2670 v2,3408,
Intel Core i3-8100,3405,
Intel Core i5-7600T,3404,
Intel Core i7-4960X,3402,
Intel Xeon E5-2687W,3400,
Intel Core i7-4770HQ,3385,
AMD Ryzen 3 4300U,3385,
Intel Core i7-4790T,3381,
Intel Xeon E5-2690,3366,
Intel Xeon E3-1220 v5,3360,
Intel Core i7-3960X,3358,
Intel Core i3-8300T,3357,
Intel Xeon E3-1220 v6,3339,
Intel Xeon E5-2680,3336,
Intel Core i7-4930K,3336,
Intel Xeon E5-1650 v2,3329,
Intel Core i7-4910MQ,3319,
Intel Xeon,3311,
AMD Ryzen 5 PRO 3400GE,3309,
Intel Core i7-3970X,3305,
AMD Ryzen 3 2300X,3304,
Intel Core i5-4690,3303,
Intel Core i5-4690S,3299,
AMD Ryzen 5 2400G,3294,
Intel Xeon E5-2643 v2,3278,
Intel Core i7-4850HQ,3276,
Intel Core i5-1030NG7,3274,
Intel Xeon E3-1226 v3,3261,
Intel Xeon E5-1660 v2,3260,
Intel Core i7-4770T,3260,
Intel Core i5-4670S,3254,
Intel Core i5-7400,3232,
Intel Core i7-5700HQ,3229,
Intel Core i5-4670,3228,
Intel Core i5-6600T,3223,
Intel Core i5-6500,3217,
Intel Core i7-4750HQ,3209,
Intel Xeon E5-2650 v2,3208,
Intel Core i7-4900MQ,3199,
Intel Core i7-4930MX,3197,
Intel Xeon E3-1220 v3,3188,
Intel Core i7-4810MQ,3184,
Intel Core i3-9100T,3178,
Intel Xeon E3-1225 v3,3162,
AMD Ryzen 3 1300X,3157,
Intel Xeon E5-1607 v3,3157,
Intel Xeon E5-2660 v2,3142,
Intel Core i5-4590,3140,
Intel Core i5-5575R,3129,
Intel Xeon E5-1603 v4,3113,
Intel Core i7-4710MQ,3102,
AMD Ryzen 7 3750H,3101,
AMD Ryzen 5 1400,3098,
Intel Core i5-7440HQ,3086,
Intel Xeon E5-1607 v4,3083,
Intel Core i5-6500TE,3081,
AMD Ryzen 3 PRO 3200GE,3078,
Intel Core i5-7500T,3076,
Intel Core i7-4785T,3076,
Intel Core i7-4702HQ,3071,
Intel Core i5-10210U,3067,
Intel Core i5-4570,3066,
Intel Core i7-4700HQ,3051,
Intel Core i3-1115G4,3049,
Intel Core i7-4800MQ,3046,
Intel Core i7-4700MQ,3040,
Intel Xeon E5-2470 v2,3040,
Intel Xeon E5-2670,3037,
Intel Core i7-4720HQ,3034,
Intel Core i3-8100T,3027,
Intel Core i5-6400,3023,
Intel Core i5-6402P,3022,
AMD Ryzen 3 3200G,3013,
Intel Core i7-4710HQ,3001,
Intel Xeon E3-1268L v3,2992,
Intel Xeon E5-1660,2985,
Intel Core i5-7300HQ,2980,
Intel Core i7-3930K,2961,
Intel Core i5-4590S,2951,
AMD Ryzen 3 PRO 1300,2951,
Intel Xeon Bronze 3106,2950,
Intel Xeon E5-2665,2940,
Intel Xeon E5-1650,2936,
Intel Core i5-4460,2928,
Intel Core i7-4702MQ,2923,
Intel Core i7-10510U,2914,
Intel Core i7-4765T,2911,
Intel Xeon Bronze 3204,2911,
Intel Core i5-4440,2902,
Intel Core i3-7350K,2873,
AMD Ryzen 3 2200G,2858,
Intel Core i5-4570S,2849,
Intel Core i5-4430,2847,
Intel Core i5-6440HQ,2845,
AMD Ryzen 5 3550H,2845,
Intel Core i5-6500T,2843,
AMD Ryzen 3 1200,2834,
Intel Celeron G6900E,2815,
Intel Core i5-7400T,2806,
Intel Core i4-4690T,2791,
Intel Core i5-4460S,2774,
Intel Core i3-1115G4E,2754,
Intel Core i5-4430S,2747,
Intel Core i5-4570R,2744,
Intel Core i5-6300HQ,2704,
Intel Celeron G6900,2696,
Intel Core i7-4712MQ,2660,
Intel Xeon W3690,2656,
AMD Ryzen 5 PRO 3500U,2654,
Intel Core i3-7320,2642,
Intel Xeon E5-2660,2635,
AMD Ryzen 5 3580U Microsoft Surface Edition,2630,
Intel Core i7-990X,2626,
Intel Core i3-6320,2618,
Intel Core i5-4670T,2614,
Intel Xeon E3-1505L v6,2613,
Intel Core i7-7567U,2611,
Intel Core i7-980X,2604,
Intel Xeon E5-2667,2589,
AMD Ryzen 7 3780U Microsoft Surface Edition,2584,
AMD Ryzen 5 PRO 2500U,2569,
Intel Xeon X5690,2566,
Intel Core i7-4712HQ,2562,
Intel Pentium Gold 7505,2556,
AMD Ryzen 7 3700U,2555,
Intel Core i5-4590T,2544,
AMD Ryzen 7 PRO 3700U,2541,
Intel Xeon W3680,2540,
Intel Core i3-6300,2539,
Intel Xeon E5-2609 v3,2519,
Intel Xeon E5-2650L v2,2517,
Intel Core i5-6400T,2510,
Intel Core i3-7300,2502,
Intel Xeon E3-1290 v2,2480,
Intel Core i7-3770K,2469,
AMD Ryzen 5 3500U,2451,
Intel Xeon X5680,2448,
AMD Athlon Gold 7220U,2441,
Intel Core i7-4820K,2440,
Intel Core i3-7100,2440,
Intel Xeon E5-2630 v2,2427,
AMD Ryzen 7 2700U,2419,
Intel Xeon E5-2630,2411,
Intel Core i3-4370,2407,
Intel Xeon E5-2650,2407,
Intel Pentium 6805,2403,
Intel Xeon E3-1280 V2,2399,
Intel Core i3-8109U,2396,
Intel Xeon X5675,2394,
Intel Core i3-1005G1,2371,
Intel Xeon E3-1270 V2,2365,
Intel Core i7-6567U,2364,
Intel Core i3-7300T,2363,
Intel Xeon E5-1620 v2,2356,
Intel Core i3-8121U,2344,
Intel Core i7-970,2341,
Intel Core i3-1000NG4,2337,
Intel Core i3-6100,2336,
Intel Core i7-7660U,2335,
Intel Xeon W3670,2333,
Intel Core i5-7360U,2333,
AMD Ryzen 5 2500U,2330,
Intel Core i3-6300T,2327,
Intel Xeon E5-2640 v2,2325,
Intel Core i7-2600K,2320,
Intel Core i3-4360,2318,
AMD Ryzen 7 PRO 2700U,2311,
Intel Core i7-3770,2299,
Intel Core i7-3820,2299,
Intel Xeon E3-1240 v2,2298,
Intel Core i5-7260U,2288,
Intel Xeon E5-2640,2284,
Intel Xeon E3-1245 V2,2278,
Intel Core i7-2700K,2264,
Intel Core i3-7100T,2260,
Intel Xeon X5670,2257,
Intel Xeon E3-1275 v2,2254,
Intel Xeon E5-1620,2238,
Intel Core i7-3770S,2234,
Intel Core i7-3940XM,2224,
Intel Xeon X5650,2222,
Intel Xeon E3-1280,2220,
Intel Xeon E5-2630L v2,2198,
Intel Core i5-4460T,2190,
Intel Xeon X5660,2189,
Intel Pentium II/III,2187,
Intel Xeon E3-1230V2,2173,
AMD FX-9590,2171,
Intel Core i3-6098P,2170,
Intel Core i5-6267U,2158,
Intel Xeon E5-2420 v2,2148,
Intel Core i7-3820QM,2147,
Intel Core i3-4330,2144,
Intel Core i3-4170,2130,
Intel Core i7-6660U,2119,
Intel Xeon E5-2620 v2,2118,
Intel Core i3-10110U,2116,
Intel Core i5-7267U,2098,
Intel Core i7-3840QM,2097,
AMD Ryzen 3 2300U,2094,
Intel Xeon E3-1270,2085,
Intel Core i3-6100T,2073,
Intel Core i3-4160,2072,
Intel Core i5-3570K,2071,
Intel Core i7-6650U,2058,
Intel Core i7-2600,2054,
Intel Xeon E5-2643,2050,
Intel Core i7-7560U,2049,
Intel Core i3-4150,2047,
Intel Core i3-4350,2046,
AMD FX-8370,2042,
Intel Core i5-2550K,2040,
Intel Core i7-3720QM,2021,
Intel Xeon E3-1240,2021,
AMD FX-9370,2020,
Intel Xeon E3-1245,2017,
Intel Xeon X5677,2015,
Intel Core i5-4308U,2008,
Intel Core i5-5287U,2001,
AMD FX-8350,1995,
Intel Core i5-4570T,1994,
Intel Core i7-5557U,1988,
Intel Core i7-6560U,1981,
Intel Xeon E3-1230,1975,
AMD Athlon 3000G,1975,
Intel Core i7-3770T,1964,
Intel Core i5-6260U,1961,
Intel Core i3-4130,1960,
Intel Core i7-4610M,1957,
Intel Core i7-3740QM,1956,
Intel Core i7-4600M,1956,
Intel Xeon E5-2620,1945,
Intel Core i7-4558U,1935,
Intel Core i5-3570,1924,
Intel Core i7-7820EQ,1922,
Intel Core i5-2500K,1921,
Intel Core i3-4170T,1911,
Intel Xeon E3-1225 V2,1899,
Intel Core i5-3550,1896,
Intel Core i5-4310M,1893,
Intel Xeon E5-2440 v2,1889,
Intel Core i7-975,1888,
Intel Core i5-4210H,1883,
Intel Xeon E3-1265L v2,1875,
Intel Core i7-3630QM,1867,
Intel Core i7-5650U,1866,
Intel Core i7-3615QM,1862,
Intel Core i5-4200H,1862,
Intel Xeon E5-2430,1860,
AMD Athlon 200GE,1857,
Intel Core i3-8130U,1844,
Intel Xeon E3-1220 v2,1843,
Intel Core i5-3470,1840,
Intel Core i5-6360U,1836,
Intel Core i5-4300M,1834,
Intel Core i7-3610QE,1829,
Intel Core i7-3635QM,1821,
Intel Xeon X5550,1821,
AMD Phenom II X6 1100T Black Edition,1821,
AMD FX-8320,1819,
Intel Core i5-4278U,1816,
Intel Xeon E5-2420,1815,
Intel Core i3-4130T,1811,
Intel Core i7-2600S,1811,
Intel Core i3-4160T,1796,
Intel Core i5-3570S,1790,
Intel Core i7-3610QM,1789,
Intel Core i5-3450,1781,
Intel Xeon X5570,1780,
Intel Core i7-875K,1761,
Intel Pentium Gold G6405,1760,
Intel Core i5-4340M,1756,
Intel Xeon W3570,1748,
Intel Core i5-4210M,1745,
Intel Core i3-4150T,1742,
Intel Core i5-5350U,1735,
AMD FX-8150,1734,
Intel Core i7-2960XM,1733,
AMD FX-8300,1731,
AMD Athlon PRO 300GE,1728,
Intel Core i7-5600U,1726,
Intel Core i5-3470S,1724,
Intel Core i5-3350P,1724,
Intel Core i3-7130U,1723,
Intel Core i5-5257U,1703,
Intel Core i5-3550S,1698,
Intel Core i5-2500,1695,
Intel Xeon E3-1225,1693,
Intel Core i5-4258U,1693,
AMD A12-9800,1691,
Intel Core i3-6157U,1690,
Intel Core i7-2760QM,1689,
Intel Core i5-4200M,1689,
Intel Core i7-965,1683,
Intel Xeon W3565,1681,
Intel Core i7-3612QM,1681,
Intel Xeon E5645,1681,
Intel Core i5-3450S,1681,
Intel Core i7-3632QM,1680,
AMD FX-8320E,1680,
AMD Athlon Silver 7120U,1676,
Intel Core i7-5500U,1673,
Intel Core i7-2860QM,1670,
Intel Pentium Gold G6400,1669,
Intel Core i7-960,1663,
Intel Core i5-3475S,1660,
Intel Core i7-880,1653,
Intel Core i5-4288U,1648,
Intel Xeon E5-1607,1648,
Intel Core i5-3330,1643,
AMD Athlon X4 950,1642,
Intel Core i7-4510U,1636,
AMD Athlon Gold 3150U,1636,
AMD Athlon X4 845,1635,
Intel Core i5-8210Y,1631,
Intel Core i5-3340S,1631,
Intel Core i5-3330S,1616,
Intel Core i5-3340,1608,
Intel Core i5-2400,1607,
Intel Xeon E5-1607 v2,1607,
Intel Pentium G4620,1599,
Intel Core i7-4600U,1593,
Intel Core i3-7100U,1583,
Intel Core i7-870,1575,
Intel Core i7-4578U,1574,
Intel Xeon W3550,1573,
Intel Core i5-5300U,1570,
Intel Core i5-5250U,1570,
AMD A10-9700,1570,
Intel Core i7-950,1569,
AMD FX-8120,1568,
Intel Core i3-4100M,1560,
AMD FX-6350,1556,
Intel Xeon E5540,1553,
Intel Core i5-2320,1542,
Intel Pentium Gold G5420,1535,
Intel Core i3-6100U,1533,
Intel Core i7-2820QM,1532,
Intel Core i7-940,1532,
Intel Pentium G4600,1531,
Intel Xeon W3530,1528,
AMD Ryzen 3 2200U,1528,
Intel Xeon E5-2673 v3,1527,
AMD FX-9830P,1526,
Intel Xeon X3460,1520,
Intel Xeon E3-1260L,1510,
Intel Xeon E3-1220,1506,
Intel Pentium Gold G5400,1504,
Intel Core i5-5200U,1498,
Intel Core i5-2500S,1492,
Intel Core i5-2300,1490,
AMD Ryzen 3 3200U,1489,
Intel Core i5-4310U,1488,
AMD A8-9600,1488,
AMD A12-9800E,1481,
Intel Core i3-7020U,1480,
Intel Core i5-4250U,1467,
AMD Phenom II X6 1090T Black Edition,1467,
Intel Core i5-4300U,1465,
Intel Core i5-4260U,1465,
Intel Core i7-860,1463,
Intel Xeon X3450,1459,
Intel Core i5-2310,1457,
Intel Core i7-4500U,1454,
Intel Xeon E5520,1454,
AMD FX-6300,1453,
Intel Pentium G4560,1452,
Intel Core i7-2670QM,1450,
AMD Ryzen 3 3250U,1447,
Intel Core i5-4210U,1445,
Intel Core i7-4650U,1437,
Intel Core i7-920,1434,
Intel Xeon E5-1603,1432,
Intel Core i7-2720QM,1429,
Intel Core i5-2405S,1429,
Intel Pentium Silver N6005,1428,
Intel Core i3-4000M,1427,
Intel Core i7-930,1424,
Intel Core i7-2635QM,1416,
Intel Core i3-5015U,1413,
Intel Pentium Gold G5420T,1411,
Intel Xeon E5620,1410,
Intel Core i3-5020U,1402,
Intel Xeon W3520,1395,
AMD PRO A10-8770E,1391,
Intel Pentium Gold G6400T,1389,
Intel Core i5-4200U,1388,
Intel Core i7-2675QM,1385,
Intel Xeon E5530,1384,
Intel Atom x6425E,1379,
Intel Core i7-2630QM,1365,
Intel Atom x6413E,1353,
Intel Core i5-2400S,1352,
Intel Celeron J6413,1351,
AMD Athlon Silver 3050U,1349,
Intel Pentium J6426,1337,
Intel Pentium Gold G5400T,1335,
Intel Core i3-6006U,1326,
Intel Core i3-5010U,1317,
AMD Athlon Silver 3050e,1317,
AMD A12-9730P,1299,
Intel Celeron J6412,1297,
AMD FX-6200,1290,
Intel Core i5-760,1280,
Intel Celeron N5105,1280,
Intel Xeon X3440,1275,
Intel Core i7-2920XM,1269,
Intel Celeron 6305,1261,
Intel Celeron G5925,1249,
AMD A10-7870K,1244,
Intel Celeron G5905,1242,
Intel Core i3-5005U,1241,
AMD Phenom II X4 975 Black Edition,1238,
Intel Pentium G4560T,1237,
AMD FX-6100,1224,
AMD FX-4350,1216,
Intel Core i5-750,1200,
AMD FX-8800P,1193,
Intel Pentium G4400,1184,
AMD Athlon X4 870K,1173,
Intel Core M-5Y10c,1170,
Intel Core i3-4025U,1170,
Intel Xeon X5460,1165,
AMD A10-7860K,1165,
Intel Core i5-L16G7,1164,
Intel Core i3-4030U,1161,
AMD A12-9720P,1159,
AMD Athlon X4 840,1153,
Intel Core i7-3520M,1152,
AMD Phenom II X4 965 Black Edition,1150,
AMD PRO A12-9800B,1148,
AMD A10-6800K,1145,
AMD A10-7850K,1144,
Intel Core i3-3225,1142,
Intel Core 2 Extreme X9650,1140,
Intel Pentium G4500,1138,
Intel Core i3-3240,1137,
AMD Athlon X4 860K,1137,
AMD PRO A12-8800B,1136,
Intel Core i5-3470T,1135,
Intel Pentium Silver J5040,1133,
Intel Core i7-940XM,1132,
Intel Core M-5Y51,1131,
Intel Celeron N5100,1131,
Intel Core i3-3250,1130,
Intel Core i7-920XM,1128,
Intel Xeon X5450,1119,
Intel Core i7-3540M,1114,
AMD Athlon II X4 651,1108,
Intel Pentium Silver N6000,1108,
Intel Core i5-3360M,1106,
AMD A8-6600K,1104,
AMD A10-5800K,1100,
Intel Xeon E5450,1100,
AMD A10-9620P,1097,
AMD 3020e,1092,
AMD FX-4300,1090,
AMD A10-8700P,1090,
Intel Celeron 4305UE,1086,
Intel Core i3-3220,1085,
AMD A10-6700,1085,
AMD FX-9800P,1084,
AMD FX-4130,1081,
Intel Celeron G4930,1080,
Intel Core i3-4010U,1079,
Intel Pentium Silver J5005,1078,
Intel Pentium G3258,1074,
Intel Core i5-3380M,1071,
Intel Celeron G5905T,1071,
Intel Core 2 Quad Q9650,1070,
AMD A8-3870,1070,
AMD Phenom II X4 955 Black Edition,1068,
AMD A10 PRO-7800B,1067,
Intel Pentium G4400T,1064,
Intel Core 2 Extreme Q9300,1061,
AMD A8-5600K,1059,
AMD A8-7600,1056,
Intel Core i5-3340M,1054,
Intel Xeon E5440,1052,
AMD PRO A8-8600B,1051,
Intel Celeron G4900,1051,
AMD A10-8750,1048,
Intel Core 2 Quad Q9500,1048,
Intel Core i5-3320M,1047,
AMD A10-5800B,1047,
Intel Core i3-2130,1045,
Intel Core 2 Quad Q9550,1044,
AMD A8-6500,1044,
Intel Pentium G3460,1044,
Intel Celeron G3930,1043,
AMD A10-7800,1042,
Intel Core i3-4005U,1037,
Intel Core i3-2120,1035,
Intel Core 2 Quad Q9505,1035,
Intel Xeon X3430,1033,
AMD A8-7500,1032,
AMD PRO A8-8650B,1031,
AMD FX-4100,1028,
AMD Athlon X4 760K,1027,
Intel Core i5-3230M,1026,
AMD A10-9600P,1025,
Intel Pentium N6415,1020,
Intel Core i7-2620M,1018,
Intel Core i3-3210,1018,
AMD Phenom II X4 945,1016,
AMD A8-7650K,1014,
AMD Athlon X4 750K,1014,
AMD PRO A10-8700B,1014,
AMD A8 PRO-7600B,1012,
Intel Core i7-2640M,1011,
Intel Core i7-820QM,1009,
AMD Athlon II X4 645,1008,
Intel Core i5-3210M,999,
Intel Xeon E5-2609 v2,998,
Intel Core i7-3687U,995,
Intel Core i7-740QM,993,
Intel Celeron G3900,992,
AMD A8-6500B,992,
Intel Core i5-2540M,990,
Intel Core i5-4202Y,990,
Intel Pentium G3450,990,
Intel Pentium G3260,989,
Intel Xeon E3-1220L v2,986,
Intel Atom x6425RE,985,
AMD PRO A12-8830B,982,
AMD PRO A10-8730B,981,
Intel Pentium G3420,981,
Intel Pentium G3250,981,
AMD 3015e,981,
Intel Core i5-660,980,
AMD Phenom II X4 960T,976,
AMD A10-5700,973,
Intel Core i7-3667U,973,
AMD A6-9500,972,
Intel Core i3-3240T,971,
Intel Core i3-2105,965,
Intel Core i5-4210Y,964,
Intel Celeron J4125,960,
Intel Core i3-2125,956,
Intel Core i3-2100,954,
AMD Athlon X4 740,954,
AMD A8-5500B,948,
Intel Celeron G3930T,948,
Intel Celeron G3900T,947,
Intel Core i7-3517U,945,
Intel Core 2 Quad Q9400,944,
Intel Core i7-3537U,943,
Intel Core i3-3220T,941,
AMD Athlon II X4 640,940,
Intel Core i3-560,932,
AMD Phenom II X4 925,930,
Intel Core i5-661,929,
Intel Core 2 Quad Q8400,927,
Intel Core i5-2520M,926,
AMD Phenom II X4 830,926,
Intel Pentium G2130,926,
Intel Core 2 Quad Q9450,925,
Intel Core i5-2435M,924,
Intel Pentium G2120,922,
Intel Celeron J4105,918,
AMD A6-3650,918,
Intel Core i5-650,916,
Intel Core i7-840QM,916,
Intel Celeron G1850,916,
Intel Xeon L5420,914,
Intel Pentium G3250T,912,
Intel Pentium G3240,911,
AMD A8-3820,905,
Intel Core i7-720QM,892,
Intel Pentium Gold 4417U,891,
Intel Pentium G3220,890,
Intel Pentium 4415U,889,
AMD Phenom II X4 840,889,
AMD A8-3800,889,
Intel Core i3-4020Y,888,
Intel Core i5-3427U,887,
AMD A8-5500,886,
AMD Athlon II X4 630,885,
Intel Core i5-2430M,884,
Intel Core i5-3437U,882,
Intel Pentium Silver N5000,882,
Intel Core i5-2450M,881,
AMD PRO A6-9500,881,
AMD PRO A10-8750B,879,
AMD Phenom II X4 810,876,
Intel Core i3-2100T,874,
Intel Core i5-2415M,873,
Intel Core 2 Quad Q8300,871,
AMD A8-3850,870,
Intel Core i3-550,864,
Intel Core i5-2410M,859,
AMD Athlon II X3 455,855,
Intel Celeron G1840,854,
Intel Core 2 Quad Q8200,852,
AMD A10-6790K,850,
AMD Athlon II X4 635,850,
Intel Core i5-3337U,847,
AMD Athlon II X4 620,846,
Intel Core 2 Quad Q9300,845,
Intel Core i5-4300Y,843,
Intel Core i3-540,841,
Intel Pentium G3220T,838,
Intel Pentium 4405U,837,
AMD A6-3600,836,
Intel Celeron N4100,832,
Intel Celeron G1820,825,
Intel Core i3-3120M,824,
Intel Pentium Silver N5030,823,
AMD R-Series RX-427BB,820,
Intel Pentium G2020,817,
Intel Core i3-2120T,816,
Intel Core i7-620M,814,
Intel Core i3-3110M,802,
Intel Pentium G645,800,
Intel Core i5-3317U,799,
AMD Athlon II X3 450,799,
Intel Core i5-580M,798,
Intel Core 2 Quad Q6700,797,
Intel Celeron N4120,795,
Intel Celeron 3965U,793,
Intel Atom x6211E,792,
Intel Core i7-640M,790,
Intel Celeron N4505,789,
Intel Atom x6414RE,787,
Intel Pentium G2030,784,
Intel Pentium G850,781,
Intel Core 2 Quad Q6600,772,
Intel Core i5-560M,765,
AMD Phenom X4 9650,765,
Intel Core i3-530,755,
Intel Celeron J3455,752,
Intel Pentium G640,750,
Intel Pentium G2030T,745,
Intel Pentium G840,745,
AMD A6-3430MX,743,
Intel Core i5-2557M,742,
Intel Celeron 3955U,741,
Intel Celeron G1610,739,
AMD A6-3620,731,
Intel Pentium J4205,730,
AMD Athlon II X3 440,730,
Intel Pentium G860,726,
Intel Celeron G1620,723,
Intel Core i5-520M,721,
Intel Celeron N4500,721,
AMD A10-4600M,720,
Intel Core i3-2370M,719,
Intel Atom x7-E3950,717,
AMD Phenom X4 9550,712,
Intel Core i5-460M,710,
AMD A10-5750M,708,
Intel Core i5-480M,701,
Intel Pentium N4200,696,
AMD A10-7400P,696,
Intel Core i3-2350M,695,
Intel Core i5-540M,695,
Intel Celeron 3865U,692,
Intel Pentium G620,688,
Intel Core i5-450M,686,
Intel Core i3-390M,686,
Intel Pentium G630,683,
Intel Core 2 Quad Q9000,682,
Intel Core i7-640LM,681,
AMD FX-7500,679,
Intel Celeron G540,679,
Intel Celeron N3450,676,
AMD A8-5550M,675,
Intel Core i3-2330M,675,
Intel Pentium G2020T,670,
Intel Pentium 2020M,669,
AMD A8-3520M,669,
Intel Core i3-2348M,663,
AMD Athlon 5350,662,
Intel Core i3-2310M,661,
Intel Pentium 4415Y,660,
Intel Core i5-430M,658,
AMD Athlon II X3 425,658,
Intel Core 2 Duo E8600,652,
Intel Core i3-370M,649,
Intel Core i5-2467M,649,
Intel Xeon E3110,648,
Intel Core 2 Duo E8500,644,
Intel Core i3-3227U,643,
Intel Core i3-2328M,640,
Intel Celeron G530,634,
AMD A8-4500M,633,
Intel Celeron 5205U,631,
Intel Pentium G2010,630,
AMD A8-7410,629,
Intel Celeron G550,629,
Intel Pentium E6700,629,
AMD Phenom II X2 555 Black Edition,629,
Intel Core i3-380M,628,
AMD A8 PRO-7150B,628,
Intel Core 2 Duo T9900,628,
AMD A10-7300,627,
Intel Celeron 3867U,625,
AMD A8-3500M,621,
Intel Core 2 Duo E8400,619,
Intel Pentium 3825U,615,
AMD Athlon II X3 445,614,
Intel Core 2 Duo E7600,611,
AMD A10-5745M,610,
Intel Pentium B980,609,
Intel Core i3-3217U,608,
Intel Pentium G645T,606,
AMD A6-7310,605,
AMD Athlon II X2 260,603,
Intel Celeron 4205U,601,
AMD Phenom II X2 560 Black Edition,600,
AMD A6-5200,596,
Intel Core i5-2537M,596,
Intel Core i3-350M,595,
Intel Celeron G1610T,594,
AMD A6-6310,592,
AMD Phenom II X4 P920,589,
AMD A6-7400K,589,
Intel Core 2 Duo E8300,588,
AMD A4-7210,588,
Intel Pentium B970,587,
AMD Athlon II X2 270,587,
Intel Celeron 3215U,587,
AMD A8-6410,582,
Intel Celeron J4005,582,
AMD A6-3420M,582,
AMD A6-6400K,580,
Intel Pentium E6600,580,
Intel Pentium J3710,578,
Intel Pentium E6500,577,
Intel Core 2 Duo E7500,574,
Intel Core i3-330M,573,
Intel Pentium 3805U,565,
Intel Core 2 Duo T9550,562,
Intel Core 2 Duo T9600,561,
AMD A10-4655M,561,
Intel Celeron J4025,561,
Intel Pentium E5800,560,
Intel Pentium N3540,558,
Intel Celeron 3965Y,558,
AMD A8-5545M,557,
Intel Pentium N3530,556,
Intel Celeron 1005M,552,
Intel Core 2 Duo E6850,552,
Intel Core 2 Duo T9500,551,
AMD A4 Pro-3350B,547,
AMD A6-3400M,546,
Intel Celeron N4020,545,
Intel Pentium 2127U,545,
AMD A4-7300,544,
AMD A4-6300,542,
Intel Pentium B940,538,
Intel Celeron N4000,538,
AMD E2-7110,536,
Intel Core 2 Duo P8800,536,
AMD A4-6210,534,
Intel Atom x7-Z8750,534,
Intel Pentium B960,531,
Intel Pentium E5700,531,
AMD Athlon II X2 250,529,
AMD A6-5400K,529,
Intel Atom x5-Z8550,526,
Intel Celeron J1900,521,
Intel Pentium G6950,517,
Intel Pentium 3556U,516,
Intel Pentium N3700,514,
Intel Celeron 1037U,513,
AMD A4-3400,513,
AMD Athlon II X2 240,513,
Intel Celeron 1000M,511,
Intel Pentium B950,510,
Intel Pentium 2117U,510,
Intel Core 2 Duo T9300,510,
Intel Atom x7-Z8700,505,
Intel Celeron N3160,505,
Intel Core 2 Duo E7300,505,
Intel Core 2 Duo T9400,501,
AMD A4-3420,500,
Intel Core i3-2377M,500,
AMD A4-5300,499,
Intel Celeron N3150,498,
Intel Core i3-2375M,498,
Intel Core 2 Duo E6750,498,
Intel Core 2 Duo E7400,495,
AMD GX-415GA,492,
Intel Celeron N2940,491,
Intel Core i3-2367M,491,
Intel Core 2 Duo E8200,490,
Intel Pentium N3520,489,
Intel Atom x5-Z8500,488,
Intel Core 2 Duo E7200,488,
Intel Core 2 Duo P8700,487,
Intel Celeron 3205U,486,
Intel Atom Z3795,485,
Intel Pentium E5400,483,
AMD A4-5000,482,
AMD Athlon II X2 215,481,
Intel Celeron B820,481,
AMD Athlon II X2 220,481,
Intel Pentium E6300,479,
AMD Athlon II X2 B24,478,
Intel Celeron J3160,477,
Intel Celeron E3400,477,
Intel Pentium P6200,475,
Intel Pentium E5300,473,
Intel Pentium E5500,469,
Intel Core 2 Duo T8300,469,
Intel Celeron 1017U,467,
AMD A4-4020,464,
Intel Core 2 Duo P7550,464,
Intel Celeron B830,463,
AMD A4-4000,461,
Intel Celeron 2955U,460,
Intel Pentium E5200,460,
Intel Core 2 Duo P8600,459,
Intel Core 2 Duo P8400,457,
Intel Pentium P6100,455,
Intel Core 2 Duo P7450,453,
AMD Athlon II X2 245,453,
Intel Celeron E3500,443,
Intel Celeron N2930,439,
AMD E2-6110,437,
Intel Core 2 Duo E6600,434,
Intel Core i3-2365M,434,
Intel Core 2 Duo T8100,433,
Intel Core 2 Duo T6570,432,
Intel Core 2 Duo E6550,431,
AMD A6-5350M,431,
Intel Celeron J3355,427,
Intel Celeron B815,424,
Intel Core 2 Duo T7600,423,
Intel Celeron 1007U,419,
Intel Celeron N3350,411,
Intel Core 2 Duo P7350,408,
AMD A6-4400M,408,
Intel Pentium T4400,405,
Intel Core 2 Duo T7700,400,
Intel Celeron E3300,400,
AMD A4-3300M,399,
Intel Core 2 Duo E6400,398,
AMD A4-4300M,397,
Intel Core 2 Duo T6500,391,
Intel Pentium 987,382,
Intel Pentium T4500,380,
Intel Core 2 Duo T5870,376,
AMD A4-3330MX,376,
Intel Core 2 Duo T7500,376,
Intel Core 2 Duo T6600,375,
Intel Pentium T4200,373,
Intel Atom x5-Z8350,372,
Intel Core 2 Duo T6670,370,
Intel Atom x5-Z8300,363,
Intel Pentium T3400,362,
Intel Core 2 Duo T7300,362,
Intel Celeron T3100,361,
Intel Core 2 Duo T6400,361,
AMD Athlon 64 X2 5000+,353,
Intel Core 2 Duo T5800,352,
Intel Core 2 Duo T5750,352,
Intel Core 2 Duo E4600,352,
Intel Pentium T4300,348,
Intel Celeron T3500,342,
Intel Core 2 Duo T7200,342,
AMD Athlon II M320,325,
AMD Athlon II P340,317,
Intel Core 2 Duo T7250,316,
Intel Celeron J3060,308,
Intel Core 2 Duo E6300,305,
Intel Celeron N2840,296,
AMD A6-4455M,289,
Intel Core 2 Duo SU7300,287,
Intel Celeron 847,284,
Intel Celeron N2830,280,
Intel Pentium E2140,276,
Intel Pentium D 945/950,268,
Intel Pentium D 830/925/930,265,
Intel Celeron N3000,264,
Intel Celeron N3050,259,
Intel Core 2 Duo T5500,256,
Intel Celeron N2815,252,
Intel Celeron N2807,240,
AMD E1-2500,237,
AMD E1-6015,229,
AMD E1-7010,223,
AMD E1-6010,218,
Intel Celeron 900,214,
Intel Atom D525,193,
AMD E2-1800,189,
AMD E1-1500,181,
AMD E-350,180,
AMD E-450,176,
AMD E1-1200,161,
AMD E1-2100,158,
Intel Atom N550,141,
AMD C-60,138,
Intel Pentium SU2700,138,
AMD Athlon 1640B,136,
AMD E-300,129,
AMD C-50,123,
AMD Athlon 64 3500+,116,